uniprot_id,model,sample_idx,scTM,scRMSD,pLDDT
Q4R312,AlkSecMPNN_020,3,0.7128471667282088,2.075099567846,75.60707317073171
Q9Z9J6,AlkSecMPNN_020,7,0.9694919828975728,0.4980870902929321,91.56532258064514
Q6L047,AcidSecMPNN_020,7,0.2772606319722476,6.67759743673083,33.43607242339833
O28542,AcidSecMPNN_020,2,0.4003181943161756,4.837161854438296,47.41276470588235
Q54JL0,AlkSecMPNN_020,1,0.3252981263176612,6.035567600393952,41.614028436018955
P80505,AcidSecMPNN_020,6,0.3550949355485025,5.260378039277056,39.90272997032641
P60724,WT_singleseq(control),-1,0.2474179150938887,5.613844180761466,34.31094527363184
Q07938,AcidSecMPNN_020,2,0.3071383405978273,5.433072970672239,38.23786350148368
Q6L047,AlkSecMPNN_020,4,0.2605537379461846,7.078770186491338,36.050473537604454
Q69NP0,AlkSecMPNN_020,4,0.930824654462713,1.2884764382001903,83.48903225806453
Q69NP0,AlkSecMPNN_020,1,0.9224219148002508,1.3366766574284836,85.77913978494625
B1X495,AlkSecMPNN_020,0,0.5375344572802029,2.8758310525704465,84.99825242718448
A0A1D8PCG7,AlkSecMPNN_020,3,0.3508927361204265,3.823698093332844,69.59402298850576
A0A1D8PCG7,AlkSecMPNN_020,5,0.4512256441185033,3.063165239980667,70.517816091954
P80505,AlkSecMPNN_020,2,0.4395918189063184,4.783839590186232,48.221364985163206
P60724,AlkSecMPNN_020,3,0.2639231380126404,4.276901339780387,51.191940298507454
O67786,AlkSecMPNN_020,2,0.8983721261400104,1.791211018298983,83.26479820627804
P60724,AcidSecMPNN_020,2,0.4377095794607207,3.329772485853342,51.60800995024875
O67786,AlkSecMPNN_020,4,0.694867211224208,3.126465814907325,80.95869955156951
Q9Z9J6,AcidSecMPNN_020,5,0.3884921816219258,3.328790154791774,66.13870967741934
P60724,AcidSecMPNN_020,4,0.5824101152346649,3.177348368940635,49.0489552238806
O28542,AlkSecMPNN_020,6,0.4504108616551048,5.192205329728842,59.09282352941176
O67786,AcidSecMPNN_020,0,0.6505522497696005,4.120146809613771,65.89004484304932
P0A7R6,AcidSecMPNN_020,0,0.8442881500637408,2.0130943022917425,74.55048543689318
A9CIG1,AlkSecMPNN_020,6,0.4525034100142931,3.9862866473654734,78.58396039603961
A0A1D8PCG7,AcidSecMPNN_020,7,0.6165626181687298,2.3283640644421117,69.75011494252873
A0A1D8PCG7,AcidSecMPNN_020,1,0.5917961767213196,2.8144879546209873,67.53172413793102
Q8DLT5,AlkSecMPNN_020,0,0.3238465225892589,7.06573908376602,60.287572383073496
Q07938,WT_singleseq(control),-1,0.2522169173487639,6.6638440964525705,30.305637982195847
Q9N2D5,AcidSecMPNN_020,5,0.4220012495370623,4.685206700794355,44.882822822822824
Q980U8,AlkSecMPNN_020,4,0.332966463172389,5.334611206225382,47.4630659025788
Q8TY15,AcidSecMPNN_020,5,0.2773948122889946,6.083727205228724,36.2329916897507
O58832,AcidSecMPNN_020,6,0.4884369143738459,5.6843943993096815,60.283508771929824
P02819,AcidSecMPNN_020,0,0.7091557992771573,2.249642446580874,78.7861224489796
G0HQ35,AlkSecMPNN_020,1,0.2866799040787245,6.1926014565527625,50.21097765363128
O58832,AlkSecMPNN_020,5,0.6762317350799033,4.646415600755619,69.12596491228071
O58832,AcidSecMPNN_020,0,0.5319337847162164,5.501364028002237,57.10377192982457
O58832,WT_singleseq(control),-1,0.3636099666279515,5.869472404030879,46.557836257309944
Q6DIY2,AlkSecMPNN_020,1,0.4324972651814927,3.707588112169309,49.658156424581016
G0HQ35,AlkSecMPNN_020,7,0.4141412936783989,5.056562787529408,60.37754189944134
Q9N2D5,AlkSecMPNN_020,3,0.2886419814682152,5.364760340075469,42.852642642642635
B1YC30,AcidSecMPNN_020,2,0.2284892873067321,5.443009113256475,44.470572519083966
B1YC30,AcidSecMPNN_020,1,0.2666374355041181,6.346729119057703,48.211106870229
Q8TY15,AlkSecMPNN_020,0,0.3169817802363219,6.341294484468425,35.71260387811634
B1YC30,AcidSecMPNN_020,4,0.2676189972675322,4.7776301293222945,44.477633587786265
A9A498,AlkSecMPNN_020,4,0.8751236918177387,2.6968519537368483,71.65623693379791
Q6DIY2,AcidSecMPNN_020,4,0.6908542074288,2.7174832293309508,66.32821229050279
P0A7R6,AlkSecMPNN_020,6,0.8200050508862405,2.1198079769295832,85.89757281553398
B1X495,AcidSecMPNN_020,2,0.4217616574037788,3.0486756807172797,68.13961165048543
Q54FJ9,WT_singleseq(control),-1,0.5233931512825829,4.831437229573409,44.55114379084968
Q07938,AlkSecMPNN_020,5,0.259658475393893,6.152469746586805,33.62412462908012
Q4R312,AcidSecMPNN_020,3,0.6321378060980095,2.3828442062303687,70.235
B1X495,WT_singleseq(control),-1,0.4352267387671773,2.928844209319521,82.54766990291262
P60724,AlkSecMPNN_020,5,0.717566062914237,2.875752926187476,71.88641791044775
P80505,AlkSecMPNN_020,4,0.4263517225272741,4.457989099378556,47.09219584569733
P0A7R6,AcidSecMPNN_020,6,0.6497942549068428,1.7317661273290503,76.71757281553398
Q9Z9J6,AcidSecMPNN_020,3,0.4757065125096577,3.471684986344792,61.22854838709677
O28542,AlkSecMPNN_020,0,0.4561290215052224,4.737812170342004,60.84620588235294
O67786,AcidSecMPNN_020,6,0.4271625542586557,4.918259980318118,54.98659192825112
A9CIG1,AlkSecMPNN_020,0,0.5565327183670038,3.5638611904736637,81.27732673267327
Q8DLT5,AcidSecMPNN_020,3,0.320108539073561,7.349207852251669,54.00300668151447
Q980U8,AlkSecMPNN_020,2,0.3438030365580353,6.121136635145134,49.57160458452722
Q8DLT5,AlkSecMPNN_020,6,0.2786598968409494,6.7167615123371425,60.48841870824052
Q8TY15,AcidSecMPNN_020,3,0.2460492446926648,7.163406458749089,34.83285318559557
Q8DLT5,AcidSecMPNN_020,5,0.2808184509833601,6.9934971274416675,61.3149443207127
P02819,AlkSecMPNN_020,3,0.3323860149853823,2.8465292035344416,72.13979591836734
A9A498,AcidSecMPNN_020,7,0.583733476183257,4.035034469447585,52.467247386759574
Q4R312,AlkSecMPNN_020,0,0.6616937546577871,2.2459570080351985,76.28573170731708
P02819,AlkSecMPNN_020,5,0.4588152682728797,1.704186845011778,79.9365306122449
A9A498,AcidSecMPNN_020,1,0.645743931730432,3.5646242921466555,52.878188153310106
Q69NP0,AcidSecMPNN_020,3,0.5969250057420815,3.101062334526138,61.38849462365592
Q69NP0,AcidSecMPNN_020,5,0.5616356491128746,3.427261710615345,62.09129032258063
G0HQ35,AcidSecMPNN_020,3,0.3339311336566704,6.380585842445403,39.994497206703905
Q9Z9J6,AlkSecMPNN_020,1,0.9765843289713486,0.4292327111709208,90.1932258064516
G0HQ35,AcidSecMPNN_020,5,0.2253897963318937,5.881459467394365,40.64955307262569
Q6L047,AcidSecMPNN_020,1,0.2626861058948098,7.163372423093877,36.48005571030641
Q54JL0,AlkSecMPNN_020,7,0.3218390570927098,6.237229896169023,44.67853080568721
Q54JL0,AcidSecMPNN_020,3,0.294438843691529,6.544140077836278,41.84740916271721
P80505,AcidSecMPNN_020,0,0.4387370937998097,4.177122763261097,50.27703264094956
Q07938,AcidSecMPNN_020,4,0.2502165571124795,7.102152742105903,36.704005934718104
A0A1D8PCG7,AlkSecMPNN_020,0,0.4550655670037412,2.748198424703197,54.59873563218391
Q6L047,AlkSecMPNN_020,2,0.2556961721195072,6.6139025087208445,30.708217270194982
Q69NP0,AlkSecMPNN_020,7,0.6379354242219325,3.117014409407766,81.85655913978495
O28542,AcidSecMPNN_020,4,0.353454674529705,4.1629429835912255,53.724500000000006
Q54FJ9,AlkSecMPNN_020,6,0.4466038815894011,4.655496126582121,57.972875816993465
B1X495,AlkSecMPNN_020,6,0.5609707735687253,2.688004876177424,91.11194174757284
Q54FJ9,AlkSecMPNN_020,0,0.6330538775377232,2.7306170279718014,67.27434640522875
B1YC30,AlkSecMPNN_020,7,0.4144357851975615,5.92104694561626,55.14164122137404
P0A7R6,AlkSecMPNN_020,0,0.8157114193805728,2.046160381671014,85.40582524271844
A9CIG1,AcidSecMPNN_020,0,0.413781391599486,3.1610460120487036,78.77683168316833
A9CIG1,AcidSecMPNN_020,6,0.4272906302492963,3.841959664040216,68.60227722772278
Q9N2D5,WT_singleseq(control),-1,0.3165927727534319,6.179045881126388,39.06321321321322
Q07938,AlkSecMPNN_020,3,0.2806943143379187,6.372863759188579,36.222492581602374
Q4R312,AcidSecMPNN_020,5,0.7649179569939829,2.3806924866587247,78.79524390243903
B1X495,AcidSecMPNN_020,4,0.5045923277642369,1.5828549863893608,74.18378640776699
Q980U8,AcidSecMPNN_020,6,0.2659555998462252,5.418919174952889,41.0243553008596
O58832,AcidSecMPNN_020,3,0.351371288933683,5.739885222692899,45.9224269005848
Q54FJ9,AcidSecMPNN_020,3,0.3927968355859364,5.209660184322158,56.542679738562086
P02819,AcidSecMPNN_020,6,0.5809864344352897,1.8105619648713145,77.8334693877551
Q980U8,AcidSecMPNN_020,0,0.2029710027872411,6.935521392011647,40.21214899713467
O28542,WT_singleseq(control),-1,0.3566624992998671,5.429877283890825,42.3475
Q9Z9J6,WT_singleseq(control),-1,0.4732598019377441,3.040360569978029,60.817741935483866
Q54FJ9,AcidSecMPNN_020,5,0.625265990201646,2.827657236985892,70.52571895424836
Q9N2D5,AlkSecMPNN_020,6,0.3244906272829468,6.638145407519102,39.16081081081081
Q6DIY2,AlkSecMPNN_020,7,0.2751718959422106,5.9168049265119915,36.28307262569832
Q6DIY2,AcidSecMPNN_020,2,0.6201088194705267,3.276534512991059,56.654078212290514
A9A498,AlkSecMPNN_020,2,0.9556357687018624,1.6037215236112214,83.14662020905924
O28542,AcidSecMPNN_020,3,0.3871247085549478,4.34259830084663,46.57941176470588
Q54JL0,AcidSecMPNN_020,4,0.2892521931154299,4.252257439182028,48.0978672985782
Q54JL0,AlkSecMPNN_020,3,0.4388414678882383,6.608865828470394,45.095466034755134
P80505,AcidSecMPNN_020,2,0.3889699308488129,5.019996240735303,37.460118694362016
A0A1D8PCG7,AlkSecMPNN_020,7,0.3286616556374303,3.493566163203792,53.305862068965496
O28542,AcidSecMPNN_020,5,0.4396369055020271,4.658641829567724,44.73097058823529
Q54JL0,AlkSecMPNN_020,0,0.3608159635607743,6.257610144931763,48.03545023696683
Q54FJ9,AlkSecMPNN_020,1,0.9174206439285923,2.072551461712102,73.85790849673202
Q6L047,AlkSecMPNN_020,5,0.4665216111350905,4.795128177841639,36.20699164345404
Q07938,AcidSecMPNN_020,3,0.2060606846504553,7.143050900721071,38.21089020771513
Q54FJ9,AlkSecMPNN_020,7,0.6997542103941187,4.059319566863766,58.75960784313725
P02819,AlkSecMPNN_020,4,0.617253437452237,1.8315028078782691,77.32612244897959
Q4R312,AlkSecMPNN_020,7,0.7193491751510538,2.238504488692116,79.5919512195122
P02819,AlkSecMPNN_020,2,0.2596994980460628,3.449124263759374,79.33734693877551
Q69NP0,AcidSecMPNN_020,2,0.5827237901718478,3.04781822544284,62.75924731182796
Q9Z9J6,AlkSecMPNN_020,6,0.9685571688149712,0.5040185429800778,91.83467741935485
Q69NP0,AcidSecMPNN_020,4,0.5010199149788689,3.5161552630362247,61.46462365591398
G0HQ35,AcidSecMPNN_020,2,0.2481542389479023,4.996365220668642,42.19731843575419
Q6L047,AcidSecMPNN_020,6,0.2516256810002296,7.156291155551372,35.62169916434541
Q4R312,WT_singleseq(control),-1,0.5525421280898181,2.2937911280045067,62.60902439024391
Q8DLT5,WT_singleseq(control),-1,0.2504307303339202,6.0686792641329355,33.163541202672604
Q9N2D5,AcidSecMPNN_020,2,0.2805859808443589,5.130978798609859,36.59585585585586
Q8TY15,AcidSecMPNN_020,4,0.2506459093516789,7.444225351403,35.78376731301939
Q980U8,AlkSecMPNN_020,5,0.308179619647872,5.971401922106576,48.06558739255014
Q9N2D5,AcidSecMPNN_020,4,0.4504730584162244,5.096860923819927,39.95807807807808
P80505,AlkSecMPNN_020,3,0.469190132297807,4.780896061320576,50.202522255192875
P60724,AlkSecMPNN_020,2,0.6767974302101685,3.2811742128286836,69.10248756218905
O67786,AcidSecMPNN_020,1,0.4224601187999687,5.1426537060631725,53.49704035874441
P80505,AlkSecMPNN_020,5,0.3894972371021933,6.474695356582058,43.94881305637982
P60724,AcidSecMPNN_020,3,0.5322844501039395,3.9368555559545433,50.65034825870647
Q9Z9J6,AcidSecMPNN_020,4,0.7789239490399993,1.7025535359699933,72.27774193548385
P0A7R6,AcidSecMPNN_020,7,0.8556939502621316,2.115406177884951,83.44203883495145
Q8TY15,AlkSecMPNN_020,7,0.260478870319782,6.827136941888925,34.66603878116343
B1YC30,AcidSecMPNN_020,5,0.434325156825976,4.99980392387339,53.1292748091603
A9A498,AlkSecMPNN_020,5,0.766266646222589,3.801930514777395,69.8311149825784
Q8TY15,AlkSecMPNN_020,2,0.3007910766307358,6.777786167478632,37.281828254847646
G0HQ35,AlkSecMPNN_020,3,0.2794105503212367,6.271227440352256,41.83891061452514
Q980U8,AcidSecMPNN_020,1,0.2214119969816362,6.1926032536141555,40.09991404011461
O58832,AcidSecMPNN_020,7,0.4605366619572456,5.762912860275847,58.91646198830409
Q54FJ9,AcidSecMPNN_020,4,0.414774718559156,5.282391145234883,54.170228758169934
P02819,AcidSecMPNN_020,1,0.7378119629464385,1.7631049162061254,82.24755102040815
O58832,AcidSecMPNN_020,1,0.6938501344969901,4.553967890325706,69.07201754385966
B1X495,AcidSecMPNN_020,3,0.4953418772940161,2.1137957812273487,83.07990291262138
Q07938,AlkSecMPNN_020,7,0.2879378095184832,6.545694431482117,35.314925816023745
Q07938,AlkSecMPNN_020,4,0.2931979060943491,5.072325378157878,39.22498516320475
B1X495,AcidSecMPNN_020,5,0.601811340323052,2.4346259356944606,75.92019417475726
P0A7R6,AlkSecMPNN_020,7,0.844180558803417,1.9305734334503983,86.1297087378641
B1YC30,AlkSecMPNN_020,0,0.2602594368246425,6.645204190692514,53.94259541984732
A9CIG1,AcidSecMPNN_020,1,0.3792655511058773,3.862213205906148,67.33188118811881
A0A1D8PCG7,AcidSecMPNN_020,0,0.6815701505434076,2.1114435098125948,71.2264367816092
Q8DLT5,AcidSecMPNN_020,2,0.2740745886634683,7.299436889376203,53.36465478841872
A0A1D8PCG7,AcidSecMPNN_020,3,0.7018025576984491,1.7123204284175857,72.4132183908046
Q8DLT5,AlkSecMPNN_020,7,0.2941205972176319,6.888919486713745,57.30383073496659
Q8DLT5,AcidSecMPNN_020,4,0.3243747335602684,7.178798282273609,56.14730512249443
Q980U8,AlkSecMPNN_020,3,0.4059358914202318,4.840226830797538,53.870659025787965
Q8TY15,AcidSecMPNN_020,2,0.2622290560565322,6.835988396624148,34.885900277008304
P60724,AlkSecMPNN_020,4,0.544084463566683,3.508962045995919,61.52432835820896
O67786,AlkSecMPNN_020,3,0.4980059216398958,4.800852416282376,52.85587443946187
A9CIG1,AlkSecMPNN_020,7,0.488249535264133,3.8631392266463167,76.81524752475248
Q6L047,WT_singleseq(control),-1,0.241394449591827,6.961779659373186,30.65142061281337
P60724,AcidSecMPNN_020,5,0.2697459796636051,5.090796806823637,41.15477611940299
O28542,AlkSecMPNN_020,7,0.4260996363142975,5.053271365116393,53.48711764705883
Q9Z9J6,AcidSecMPNN_020,2,0.372982082471291,3.4197393156037723,73.00016129032258
O67786,AlkSecMPNN_020,5,0.6346975452035307,3.4020037210580787,62.79170403587445
O28542,AlkSecMPNN_020,1,0.3955424341308168,5.219242686973307,51.048676470588234
O67786,AcidSecMPNN_020,7,0.446179862108565,4.475673001156192,67.78049327354259
Q54JL0,AcidSecMPNN_020,2,0.2793289932892925,4.717806115738636,47.860916271721955
Q54JL0,AlkSecMPNN_020,6,0.3412004180057795,5.456277449006954,46.4214691943128
Q69NP0,AlkSecMPNN_020,5,0.407800326905043,4.134100843640999,68.10247311827956
B1X495,AlkSecMPNN_020,7,0.7293617106527349,2.4404794737590256,76.39203883495146
Q07938,AcidSecMPNN_020,5,0.3039366562903389,5.561109600032706,38.535845697329385
A0A1D8PCG7,AlkSecMPNN_020,1,0.3801406423447475,3.8163691666014423,62.52666666666667
Q6L047,AlkSecMPNN_020,3,0.2738905036540763,5.721436898478068,35.12810584958217
B1X495,AlkSecMPNN_020,1,0.7388716419311389,2.145523850214868,82.88038834951459
P80505,AcidSecMPNN_020,7,0.2862651154293791,6.610309085480483,42.56448071216617
A0A1D8PCG7,AlkSecMPNN_020,2,0.4914119318913239,3.0001030422144304,70.66103448275862
A0A1D8PCG7,AlkSecMPNN_020,4,0.4137498922200405,4.6731386104107795,70.78172413793102
P80505,AcidSecMPNN_020,1,0.4069406696118626,4.9614050837478825,50.21044510385756
Q69NP0,AlkSecMPNN_020,3,0.756725051957089,2.1838526553799515,70.36903225806452
A9A498,AcidSecMPNN_020,6,0.3528047491449057,4.261472238540874,54.169024390243905
A9A498,AcidSecMPNN_020,0,0.4916659744882176,3.232655944466535,57.98993031358885
Q9Z9J6,AlkSecMPNN_020,3,0.9661834377077644,0.5254701161193752,91.1725806451613
Q9Z9J6,AlkSecMPNN_020,0,0.9728891939707064,0.487464229782459,92.03354838709674
Q6L047,AcidSecMPNN_020,0,0.249247267082192,6.923185912463963,37.09849582172702
G0HQ35,AcidSecMPNN_020,4,0.2985113895065906,5.296988155347542,42.66377094972067
Q4R312,AcidSecMPNN_020,2,0.6071692504604482,2.443699884310643,73.94060975609756
Q07938,AlkSecMPNN_020,2,0.3042027503877801,5.4952480170097,34.795430267062315
Q4R312,AcidSecMPNN_020,4,0.5717937114241273,2.7774678373008905,71.28682926829268
A0A1D8PCG7,WT_singleseq(control),-1,0.4236076811353504,3.079213381837325,54.10172413793104
A9CIG1,AcidSecMPNN_020,7,0.4354406779746121,3.5090524440348916,73.83643564356436
B1YC30,AlkSecMPNN_020,6,0.2834603509954423,5.72451591633836,51.136832061068695
P0A7R6,AlkSecMPNN_020,1,0.7443935900889026,2.343762016928947,84.04165048543686
B1YC30,WT_singleseq(control),-1,0.2599013738746875,4.756079863757237,42.566564885496184
Q6DIY2,AcidSecMPNN_020,5,0.2985664178240906,5.423832689054383,36.57620111731843
A9CIG1,WT_singleseq(control),-1,0.3540037335861334,3.749246008885495,72.55029702970297
B1YC30,AcidSecMPNN_020,3,0.5256226925091325,4.546967810004823,54.77190839694656
A9A498,AlkSecMPNN_020,3,0.9492896918550436,1.7553135447584325,83.96435540069686
P02819,AcidSecMPNN_020,7,0.5083433214640347,2.420678273602653,80.72714285714285
Q6DIY2,AlkSecMPNN_020,0,0.4805114977861227,4.68584117155688,51.747318435754195
Q54FJ9,AcidSecMPNN_020,2,0.5956192162356745,2.8006326174029663,75.56366013071896
O58832,AlkSecMPNN_020,2,0.7035481393926546,4.409339620786362,64.99988304093567
Q6DIY2,AlkSecMPNN_020,6,0.6949445596838237,3.4440530517402608,58.889944134078206
P0A7R6,WT_singleseq(control),-1,0.8009162156538289,2.079079911185997,78.17349514563107
G0HQ35,AlkSecMPNN_020,0,0.453385466905397,3.863988013407593,57.226871508379894
Q980U8,AcidSecMPNN_020,7,0.2883697593490936,5.564992849161068,43.55555873925501
Q9N2D5,AlkSecMPNN_020,2,0.442677378481084,4.483431958219183,50.90111111111111
G0HQ35,AlkSecMPNN_020,6,0.3999204819164093,3.1911254157423614,61.96927374301676
Q9N2D5,AlkSecMPNN_020,4,0.2785763181943939,6.589559451906463,36.74957957957958
A9CIG1,AlkSecMPNN_020,2,0.3970892881734745,3.298299952165181,70.35079207920793
A9CIG1,AlkSecMPNN_020,1,0.4602178272222651,4.0484978354513235,68.53415841584159
P60724,AcidSecMPNN_020,0,0.4970032805594239,3.798891509496482,50.081840796019904
P0A7R6,AcidSecMPNN_020,1,0.6026735706445421,2.1689421742291164,73.7035922330097
P80505,AlkSecMPNN_020,6,0.3973007918740397,5.338207064805986,43.89130563798219
O67786,AlkSecMPNN_020,0,0.4871456088386421,4.316010169226539,59.20596412556054
Q9Z9J6,AcidSecMPNN_020,7,0.9448208268323895,0.7855683407560992,89.05338709677422
P60724,AlkSecMPNN_020,1,0.2944841694013189,3.7901390180389103,47.80820895522388
A9CIG1,AlkSecMPNN_020,4,0.4561399349254831,3.4401204165481167,77.80475247524754
O67786,AcidSecMPNN_020,2,0.5333618500885863,5.150256344979404,57.73179372197309
Q8DLT5,AlkSecMPNN_020,4,0.3232194922496926,7.437644497440008,58.69648106904232
Q9N2D5,AcidSecMPNN_020,1,0.2620966393180083,5.428311555290199,39.54606606606607
A0A1D8PCG7,AcidSecMPNN_020,6,0.4168668483182941,3.769088624487583,54.61827586206896
Q9N2D5,AcidSecMPNN_020,7,0.4262266330572685,5.082998704919762,37.87375375375375
Q980U8,AlkSecMPNN_020,6,0.2774316388292223,5.783587478077719,46.77518624641834
Q8TY15,AcidSecMPNN_020,7,0.276800915919804,7.273312588031856,39.1286703601108
Q4R312,AlkSecMPNN_020,4,0.7388937347182966,1.771439888070106,79.52853658536586
Q69NP0,AcidSecMPNN_020,1,0.3880031839041661,4.228092312015238,49.94344086021506
A9A498,AcidSecMPNN_020,5,0.6165033486503825,3.822674810044404,58.27787456445993
Q9Z9J6,AlkSecMPNN_020,5,0.9687124640389738,0.5243336433586906,90.7391935483871
P02819,WT_singleseq(control),-1,0.7308497059857545,1.2334826455211636,78.21530612244898
P80505,WT_singleseq(control),-1,0.2941031258247364,5.57200974793759,32.77480712166172
Q6L047,AcidSecMPNN_020,5,0.2765233768433924,7.201120877533006,36.00557103064067
G0HQ35,AcidSecMPNN_020,1,0.283177864687016,6.434981442943445,40.26108938547486
Q69NP0,AlkSecMPNN_020,0,0.6721347725142183,2.841975962021886,66.86086021505376
Q6L047,AlkSecMPNN_020,0,0.4794678722220652,3.492956418991158,42.029972144846795
O28542,AcidSecMPNN_020,6,0.3979307911685459,4.452314467691019,48.53097058823529
Q07938,AcidSecMPNN_020,0,0.1991594293986127,6.903534553832019,35.49528189910979
Q6L047,AlkSecMPNN_020,6,0.2594738667736734,6.94747706512746,33.867966573816155
B1X495,AlkSecMPNN_020,2,0.5823559964029781,3.3394705014212356,80.92252427184465
P80505,AcidSecMPNN_020,4,0.419157609645454,5.411084695797378,40.52109792284867
Q54JL0,AcidSecMPNN_020,7,0.2953165414741965,5.344652355358265,43.16007898894155
Q69NP0,AlkSecMPNN_020,6,0.8492311016188382,2.0281300918893246,82.49946236559141
B1YC30,AlkSecMPNN_020,3,0.2735711344521849,3.2099203262612397,44.66992366412214
P0A7R6,AlkSecMPNN_020,4,0.8012648632823453,2.4765283508851166,83.20834951456308
A9CIG1,AcidSecMPNN_020,2,0.3626726452046224,2.851381432839179,63.14980198019801
Q69NP0,WT_singleseq(control),-1,0.4705573660270628,3.5365408496120883,49.67107526881721
Q4R312,AcidSecMPNN_020,1,0.5954235295969877,2.2219093927256583,73.82085365853658
P02819,AcidSecMPNN_020,2,0.7189078879232571,1.6556553400695049,84.0604081632653
Q6DIY2,AlkSecMPNN_020,3,0.4672779169288765,4.392155699345049,45.89854748603352
O58832,AlkSecMPNN_020,1,0.7426101853889141,3.733936353007486,74.73061403508771
G0HQ35,AlkSecMPNN_020,5,0.3987573635862384,4.887513478021928,62.43645251396648
Q9N2D5,AlkSecMPNN_020,1,0.4514672804639948,4.229217873573972,48.62318318318319
Q8TY15,AlkSecMPNN_020,1,0.2859176964446866,6.99235771088252,34.82772853185595
Q6DIY2,AcidSecMPNN_020,3,0.3577910774445859,5.534249161030107,35.57798882681565
Q6DIY2,AcidSecMPNN_020,6,0.3946579934431068,4.109874909616187,39.40675977653631
A9A498,AlkSecMPNN_020,0,0.9372681047681918,1.6765184459992262,73.9915331010453
Q4R312,AlkSecMPNN_020,2,0.7327978024274582,1.7565176880702018,76.79670731707317
P02819,AlkSecMPNN_020,1,0.6725428050467536,2.248156008556317,81.24020408163265
Q69NP0,AcidSecMPNN_020,7,0.612704566776539,3.011108093096595,51.25430107526881
P02819,AlkSecMPNN_020,7,0.2588492567112537,2.3361416299209288,90.54836734693878
A9A498,AcidSecMPNN_020,3,0.4184550297951971,4.4839220325819245,47.510278745644605
Q4R312,AlkSecMPNN_020,1,0.6512714317170605,1.8211348772393023,77.735
G0HQ35,AcidSecMPNN_020,7,0.3139479403596069,5.413199698850443,40.05301675977653
Q6L047,AcidSecMPNN_020,3,0.2959289351384944,7.430513565000499,36.39016713091922
Q54JL0,AlkSecMPNN_020,5,0.3336077628651568,7.657094780103205,47.905939968404425
Q54JL0,AcidSecMPNN_020,1,0.3141518275520629,4.687395601327847,46.665102685624014
Q07938,AcidSecMPNN_020,6,0.2751473193517876,5.811242474282597,38.922462908011866
O28542,AcidSecMPNN_020,0,0.4014264571358156,4.397691149345948,49.90832352941176
Q54FJ9,AlkSecMPNN_020,4,0.8088632943410509,2.879564733942544,65.77823529411765
B1X495,AlkSecMPNN_020,4,0.7093457247413465,2.3363706647470965,80.23893203883495
Q54FJ9,AlkSecMPNN_020,2,0.5983509925269065,2.6683554362965625,65.7493137254902
P60724,AlkSecMPNN_020,7,0.7487723082057273,3.068740672998606,70.89457711442786
P60724,AcidSecMPNN_020,6,0.4802573719117282,3.2974838868926093,49.615124378109456
P0A7R6,AcidSecMPNN_020,4,0.6405136709366217,1.640109621781164,70.28757281553399
O67786,AcidSecMPNN_020,4,0.4299238136395176,4.895970019330367,51.5403139013453
O67786,AlkSecMPNN_020,6,0.904515218093295,2.3141188265734307,80.20076233183859
P80505,AlkSecMPNN_020,0,0.4736618677941233,3.744747738358513,48.0280118694362
Q9Z9J6,AcidSecMPNN_020,1,0.9732875261816588,0.459935729498298,90.73774193548388
P0A7R6,AcidSecMPNN_020,2,0.8601293127924737,2.310320716165214,83.32106796116504
O28542,AlkSecMPNN_020,4,0.3707329392743642,5.3988561068860434,44.60744117647059
O28542,AlkSecMPNN_020,2,0.5301208321158603,5.3866498434197885,61.15061764705882
Q8DLT5,AcidSecMPNN_020,1,0.3263121436978366,4.757415496219752,56.216971046770595
Q8DLT5,AlkSecMPNN_020,1,0.3242203295029681,7.412713233810474,55.17755011135857
Q8DLT5,AlkSecMPNN_020,2,0.3074351720673082,7.34427515486832,57.36077951002227
Q8TY15,AcidSecMPNN_020,1,0.2803759860609752,6.655868190438337,34.96628808864266
Q8DLT5,AcidSecMPNN_020,7,0.2802915314481915,7.978235141151567,57.53815144766146
Q980U8,AlkSecMPNN_020,0,0.2845022848249395,5.906731474247806,50.90828080229226
A0A1D8PCG7,AcidSecMPNN_020,5,0.6637634534545909,1.7790606791763632,75.14862068965516
P02819,AcidSecMPNN_020,4,0.6816943256072396,1.6830377569279122,80.09204081632653
O58832,AcidSecMPNN_020,2,0.5646695548791847,4.297274574041675,71.67567251461989
Q980U8,AcidSecMPNN_020,4,0.3086383068343674,5.950465273349793,41.88541547277936
O58832,AlkSecMPNN_020,7,0.5322150325214599,5.191792049357069,67.93885964912279
O58832,AlkSecMPNN_020,4,0.7263523818702949,3.925582424153848,68.63821637426902
Q54FJ9,AcidSecMPNN_020,1,0.6148158671638363,2.319537557404575,70.3566339869281
Q54FJ9,AcidSecMPNN_020,7,0.5955926460991139,2.9225252192128885,65.33088235294117
Q6DIY2,AlkSecMPNN_020,5,0.3618718996091566,5.679863022896046,39.82759776536314
Q980U8,AcidSecMPNN_020,2,0.2689508752521945,6.023829980955782,39.05575931232092
O58832,AcidSecMPNN_020,4,0.4555024543803963,4.925405502088464,50.42862573099414
Q9N2D5,AlkSecMPNN_020,7,0.5032325049300872,4.831022510966832,53.794654654654664
A9A498,AlkSecMPNN_020,6,0.9285540828450086,1.88229082501165,81.74864111498258
B1YC30,AcidSecMPNN_020,6,0.4346401315280764,4.772359095967903,59.655648854961825
B1YC30,AcidSecMPNN_020,0,0.2955572715983128,5.66887989830999,49.02870229007634
Q8TY15,AlkSecMPNN_020,4,0.25000968241277,6.721747402506613,32.793518005540164
Q6DIY2,AcidSecMPNN_020,0,0.6025021248424896,3.5832798376014225,63.298435754189946
A9CIG1,AcidSecMPNN_020,4,0.4456993457863467,4.185235023349942,78.56485148514852
B1YC30,AlkSecMPNN_020,5,0.354397658830485,3.338937689600046,50.536106870229005
P0A7R6,AlkSecMPNN_020,2,0.7936030890836793,2.368381979609417,87.24019417475728
Q54JL0,WT_singleseq(control),-1,0.2592940020951506,8.551472389691554,38.38925750394945
Q07938,AlkSecMPNN_020,1,0.2613065231044401,6.176945332601328,33.53252225519287
B1X495,AcidSecMPNN_020,0,0.4873598360675772,3.858124926281077,72.66747572815534
B1X495,AcidSecMPNN_020,6,0.5650448502848503,3.125655136198996,71.22757281553397
Q4R312,AcidSecMPNN_020,7,0.6981342423870954,2.186978654283433,77.5559756097561
A0A1D8PCG7,AcidSecMPNN_020,2,0.6606338521043759,2.1358369624219327,70.5037931034483
Q8DLT5,AlkSecMPNN_020,3,0.3127670936239604,7.133929642840296,55.15354120267261
Q9N2D5,AcidSecMPNN_020,0,0.3267915235635479,6.285870488187025,38.37318318318319
Q8DLT5,AlkSecMPNN_020,5,0.3160629057803261,7.176544699007741,58.561224944320706
Q9N2D5,AcidSecMPNN_020,3,0.3073789709356861,6.808807046695061,40.570060060060065
Q8TY15,AcidSecMPNN_020,6,0.2451447888887088,7.775183605191526,37.06623268698061
Q8DLT5,AcidSecMPNN_020,0,0.3409760579657624,7.271139402010525,56.94044543429844
Q980U8,AlkSecMPNN_020,7,0.2822015355836055,5.4365216539114645,45.80616045845272
Q9N2D5,AcidSecMPNN_020,6,0.4159702129663952,4.910652542256515,47.52456456456456
P60724,AlkSecMPNN_020,0,0.4902967645630803,2.7906901787928593,64.99492537313432
P60724,AcidSecMPNN_020,1,0.4422806983010012,4.026601206700949,49.93875621890547
O67786,AlkSecMPNN_020,1,0.5725380705295157,4.26808283772825,59.416905829596416
P80505,AlkSecMPNN_020,7,0.4421367955143279,4.37713766206981,44.681097922848664
P60724,AcidSecMPNN_020,7,0.3699444436787916,4.205784183214568,48.193134328358205
P0A7R6,AcidSecMPNN_020,5,0.817451915368694,1.609549411896652,83.84815533980581
Q980U8,WT_singleseq(control),-1,0.2042913290054459,5.590650468760764,40.67449856733524
O28542,AlkSecMPNN_020,5,0.4631960033158169,5.196322371654693,56.14535294117646
O67786,AcidSecMPNN_020,3,0.5391295703038658,5.158065901071314,58.48107623318385
P80505,AcidSecMPNN_020,5,0.375253762689636,5.065209680818216,44.12712166172107
Q54JL0,AcidSecMPNN_020,5,0.2886200230313047,5.206610303063117,44.18816745655608
O28542,AcidSecMPNN_020,1,0.3850273627245978,4.561683370419618,47.62323529411765
Q54JL0,AcidSecMPNN_020,6,0.2866920243808294,5.4716290508508045,44.71540284360189
P80505,AcidSecMPNN_020,3,0.4430799162777673,4.6348326383755385,48.14976261127597
B1X495,AlkSecMPNN_020,5,0.7011007818247368,2.513262488770543,77.0883495145631
Q54JL0,AlkSecMPNN_020,4,0.3638946268906629,5.105620662469659,49.86085308056872
O28542,AcidSecMPNN_020,7,0.4006201710243876,5.3764147837930025,46.11208823529412
Q54FJ9,AlkSecMPNN_020,3,0.5883368093427367,4.798905438836028,67.27656862745098
B1X495,AlkSecMPNN_020,3,0.6413059373355503,2.7787703933453427,74.02485436893204
Q54JL0,AlkSecMPNN_020,2,0.3886301700512674,5.860505409591093,41.611737756714064
Q69NP0,AlkSecMPNN_020,2,0.7736046533962614,2.5228556653499585,78.11451612903227
Q54FJ9,AlkSecMPNN_020,5,0.4705914793707869,4.625585568479658,51.68624183006536
Q8TY15,WT_singleseq(control),-1,0.3269991467540512,5.64050282958193,36.959529085872575
Q4R312,AlkSecMPNN_020,5,0.6844056586734447,2.053752284676568,76.82036585365854
Q69NP0,AcidSecMPNN_020,0,0.5355361077088877,3.7683397657769113,60.65860215053763
Q4R312,AlkSecMPNN_020,6,0.7646778561225775,1.5079668195153473,79.19817073170732
A9A498,AcidSecMPNN_020,4,0.4715313159750413,4.521991415001481,50.473693379790944
Q69NP0,AcidSecMPNN_020,6,0.320614961554656,4.308103355172274,46.77720430107527
Q9Z9J6,AlkSecMPNN_020,4,0.9654255779348918,0.5716760417178366,91.71096774193548
G0HQ35,AcidSecMPNN_020,0,0.3011434115212928,5.569974246626822,38.997793296089384
Q6L047,AcidSecMPNN_020,4,0.2655782680454687,7.1882200167424255,37.242451253481896
P02819,AlkSecMPNN_020,0,0.6527401643627565,1.6765132687490416,82.01142857142857
Q07938,AlkSecMPNN_020,6,0.3212290784801165,5.314984836245968,38.53083086053413
B1X495,AcidSecMPNN_020,7,0.4838503188814353,1.9212979582669725,73.13563106796117
Q07938,AlkSecMPNN_020,0,0.2391996353459473,5.247317412826411,35.252344213649856
Q4R312,AcidSecMPNN_020,0,0.6756423022391931,2.3089457488194434,74.53951219512196
A9CIG1,AcidSecMPNN_020,3,0.4194379782630938,4.327890244049889,69.23336633663367
B1YC30,AlkSecMPNN_020,4,0.239431142498787,5.186591166168453,52.555076335877864
B1YC30,AlkSecMPNN_020,1,0.2776904780586576,5.101830794006547,51.744007633587785
B1YC30,AlkSecMPNN_020,2,0.2512033372631926,3.753605162749456,46.3386641221374
Q6DIY2,AcidSecMPNN_020,7,0.6123377405583699,3.4680510256812993,60.10899441340782
Q8TY15,AlkSecMPNN_020,3,0.2572834030987684,6.8965407214457075,36.49545706371191
P02819,AcidSecMPNN_020,3,0.7583506419679626,0.8249327049454553,84.25571428571428
G0HQ35,AlkSecMPNN_020,4,0.3366067021485801,5.1399706623248385,41.519078212290495
O58832,AlkSecMPNN_020,0,0.6580316865120903,4.658017831654155,72.23652046783627
O58832,AlkSecMPNN_020,3,0.762381430895601,3.646506844842946,69.04891812865498
Q54FJ9,AcidSecMPNN_020,6,0.4552380225467206,4.39720683997932,56.16169934640523
G0HQ35,AlkSecMPNN_020,2,0.3642199231385477,4.6318339512885665,46.39801675977653
O58832,AcidSecMPNN_020,5,0.5779099677400964,4.573348167018325,69.33830409356726
Q9N2D5,AlkSecMPNN_020,0,0.441446051503806,4.56982647791266,51.91348348348348
A0A1D8PCG7,AlkSecMPNN_020,6,0.4403116368520487,3.235788553632964,68.0255172413793
Q07938,AcidSecMPNN_020,1,0.2098296160334078,6.559233029785014,38.328249258160234
Q6L047,AlkSecMPNN_020,7,0.3938455402672486,5.972401608666643,39.13515320334262
Q07938,AcidSecMPNN_020,7,0.2238101667673806,7.193141326434239,39.30017804154303
Q6L047,AlkSecMPNN_020,1,0.2447608272255287,7.400154510228133,33.21955431754875
Q54JL0,AcidSecMPNN_020,0,0.2771821280378361,3.948277540760748,44.40315955766193
Q9Z9J6,AlkSecMPNN_020,2,0.256483320825591,3.6792163711115777,67.07596774193549
A9A498,AcidSecMPNN_020,2,0.6219210806051362,4.924760535101882,53.20675958188154
P02819,AlkSecMPNN_020,6,0.6806310779216942,1.3618290811876643,83.06387755102041
Q6L047,AcidSecMPNN_020,2,0.2628604421145317,6.834648781034453,41.78551532033426
G0HQ35,AcidSecMPNN_020,6,0.2973823284805322,4.386912269215648,46.07156424581005
O67786,WT_singleseq(control),-1,0.4645793716949394,4.6752947896084605,56.475919282511214
Q8DLT5,AcidSecMPNN_020,6,0.2991168625008011,7.427245850545671,55.46944320712694
Q980U8,AlkSecMPNN_020,1,0.272964550799968,6.371677622232784,41.69621776504298
A0A1D8PCG7,AcidSecMPNN_020,4,0.5660767301923572,2.473584852177764,67.04413793103447
Q8TY15,AcidSecMPNN_020,0,0.2207683717331075,6.776106044708846,35.438864265927975
Q9Z9J6,AcidSecMPNN_020,0,0.3628292977026126,3.4535426376603806,62.09129032258065
P60724,AlkSecMPNN_020,6,0.4817747070162012,3.222495500330993,62.67532338308457
O67786,AcidSecMPNN_020,5,0.3963937645633444,4.759792961670445,49.13928251121075
A9CIG1,AlkSecMPNN_020,5,0.4390993218834277,4.451157335479156,73.06405940594061
P0A7R6,AcidSecMPNN_020,3,0.784828665294798,1.6530166059532687,75.20679611650483
A9CIG1,AlkSecMPNN_020,3,0.3970894295613065,3.8023639077165026,69.52247524752477
Q9Z9J6,AcidSecMPNN_020,6,0.9549355572521464,0.7957641291142895,92.5675806451613
P80505,AlkSecMPNN_020,1,0.4458867262547114,4.952169603863048,49.83183976261128
O67786,AlkSecMPNN_020,7,0.4078890784877488,4.725405884035366,52.40439461883408
O28542,AlkSecMPNN_020,3,0.4488855603095553,5.277097332512573,56.99341176470587
A9A498,AlkSecMPNN_020,7,0.9000238019379524,2.125984444242344,65.78087108013938
B1YC30,AcidSecMPNN_020,7,0.339403298767245,6.090527523676423,47.9642748091603
Q8TY15,AlkSecMPNN_020,6,0.264561643018762,6.701075956898165,34.437590027700836
A9A498,AlkSecMPNN_020,1,0.7447190688894689,2.9428338477248146,66.27233449477352
Q8TY15,AlkSecMPNN_020,5,0.2852447987024221,6.763463860773316,34.62096952908587
Q6DIY2,AcidSecMPNN_020,1,0.5647399777602436,3.4783057778881705,48.634413407821235
P02819,AcidSecMPNN_020,5,0.6876537754614005,1.514589300596463,79.76734693877552
Q6DIY2,AlkSecMPNN_020,2,0.6358803428581732,3.2828628809128446,60.82793296089385
Q54FJ9,AcidSecMPNN_020,0,0.4873839787177931,4.334995337213848,57.66169934640523
Q6DIY2,AlkSecMPNN_020,4,0.5178965366522668,4.071137707536783,54.379329608938555
O58832,AlkSecMPNN_020,6,0.8234991003457772,3.2433440728209235,76.23026315789474
A9A498,WT_singleseq(control),-1,0.4458863251482624,4.968441053980487,41.07714285714285
Q980U8,AcidSecMPNN_020,5,0.2780118134253919,6.307785249940315,45.50412607449857
G0HQ35,WT_singleseq(control),-1,0.2582700980741011,6.717690211950307,37.22913407821229
Q9N2D5,AlkSecMPNN_020,5,0.3925262067510484,6.523976743232059,36.41801801801802
Q980U8,AcidSecMPNN_020,3,0.2801386310108635,6.589212205310719,41.20541547277936
Q6DIY2,WT_singleseq(control),-1,0.2853400920564113,5.505921328352308,36.42396648044692
Q4R312,AcidSecMPNN_020,6,0.5712883073395872,3.4285163859247687,71.47182926829268
B1X495,AcidSecMPNN_020,1,0.4690951079916529,2.7648611886972287,68.89
P0A7R6,AlkSecMPNN_020,3,0.748442842529682,2.3117227531955455,86.1888349514563
A9CIG1,AcidSecMPNN_020,5,0.4619381636370914,3.992424628239655,76.82049504950496
P0A7R6,AlkSecMPNN_020,5,0.806466761200046,2.2236690881249888,84.37126213592232
Q07938,ProteinMPNN_v020(base),0,0.4049111828762166,4.838726174339625,45.50341246290802
Q07938,ProteinMPNN_v020(base),6,0.31621035661264013,6.2863541018196125,40.71566765578635
Q6DIY2,ProteinMPNN_v020(base),2,0.5711985372373305,3.2377803696593346,56.43491620111731
O28542,ProteinMPNN_v020(base),0,0.6810083856227088,4.412380289830286,61.8455
Q6DIY2,ProteinMPNN_v020(base),4,0.7286525104955228,2.494420567076828,70.59396648044692
Q54JL0,ProteinMPNN_v020(base),2,0.36563521446053354,7.246296503541751,46.34745655608214
P80505,ProteinMPNN_v020(base),6,0.3694416786848555,6.342567060210528,38.94474777448072
Q4R312,ProteinMPNN_v020(base),0,0.7366046407703953,1.8698506690095231,78.34439024390242
P02819,ProteinMPNN_v020(base),2,0.6542953357122631,1.2152733302055148,84.34142857142857
A9CIG1,ProteinMPNN_v020(base),1,0.38376869942672925,2.7111647806178074,78.05237623762378
P02819,ProteinMPNN_v020(base),4,0.713570410254359,0.9685177837596687,80.92326530612246
Q8TY15,ProteinMPNN_v020(base),1,0.3256993037449482,5.509993932847893,35.46997229916897
Q6L047,ProteinMPNN_v020(base),5,0.27401336230263484,6.6273595007046415,34.42253481894151
B1YC30,ProteinMPNN_v020(base),7,0.36155123225954816,4.468729370255138,60.885190839694665
A0A1D8PCG7,ProteinMPNN_v020(base),5,0.7583034800890277,2.28514764792437,81.86183908045977
P0A7R6,ProteinMPNN_v020(base),6,0.9076106277276914,1.4826467920937612,86.6476699029126
Q980U8,ProteinMPNN_v020(base),6,0.3173055457934327,5.458367035003657,47.973381088825214
Q9Z9J6,ProteinMPNN_v020(base),1,0.9650282271049256,0.5311168805372862,92.1832258064516
O58832,ProteinMPNN_v020(base),6,0.5152306926652936,4.018198268984611,65.3458187134503
P60724,ProteinMPNN_v020(base),0,0.44010687096108714,4.854059380212667,46.746019900497515
O67786,ProteinMPNN_v020(base),2,0.47952562404810717,4.466699632607749,56.75946188340807
O67786,ProteinMPNN_v020(base),7,0.4434307970500566,4.151419764710301,58.94551569506727
G0HQ35,ProteinMPNN_v020(base),7,0.2540396972395654,5.310490844123668,42.147094972067045
Q9N2D5,ProteinMPNN_v020(base),4,0.364810215097156,4.938414073538413,38.709069069069066
A9A498,ProteinMPNN_v020(base),1,0.9817142451627008,0.8995959560104726,91.18376306620209
Q69NP0,ProteinMPNN_v020(base),7,0.9364633481520647,1.2200766131258032,86.98279569892473
Q54FJ9,ProteinMPNN_v020(base),3,0.6415093303953566,3.393913353602895,67.17928104575164
A0A1D8PCG7,ProteinMPNN_v020(base),3,0.7531797537573749,2.21875302762672,80.66931034482758
P0A7R6,ProteinMPNN_v020(base),0,0.8212051892902549,2.388926287874639,81.06300970873787
O28542,ProteinMPNN_v020(base),6,0.7194455222490436,4.469863446094081,66.34629411764705
Q54JL0,ProteinMPNN_v020(base),4,0.3237569156875026,5.636378566749661,46.70266982622433
Q4R312,ProteinMPNN_v020(base),6,0.6405053536385272,2.6039369938343926,77.8519512195122
P80505,ProteinMPNN_v020(base),0,0.27893673143462644,6.724937773527933,38.83830860534125
Q8TY15,ProteinMPNN_v020(base),7,0.3136651899600868,6.634505096048548,40.40952908587258
Q6L047,ProteinMPNN_v020(base),3,0.2848198449625533,6.720398274731709,33.5225069637883
B1YC30,ProteinMPNN_v020(base),4,0.5528989108984304,4.573480000298604,53.54038167938931
A9CIG1,ProteinMPNN_v020(base),7,0.3846586021265052,3.5463428600767375,80.18128712871288
B1YC30,ProteinMPNN_v020(base),1,0.2955455576626854,4.126608255949106,49.976183206106874
Q9N2D5,ProteinMPNN_v020(base),2,0.4438492154188126,4.74511655696195,42.36651651651651
Q8DLT5,ProteinMPNN_v020(base),7,0.2756378425364434,7.293770537028897,55.57550111358575
Q8DLT5,ProteinMPNN_v020(base),4,0.2766906388435865,6.216321466879614,54.943630289532294
O67786,ProteinMPNN_v020(base),4,0.4838128413616123,5.226214941091635,58.49121076233185
G0HQ35,ProteinMPNN_v020(base),1,0.3249837951095991,6.699725204445602,37.57782122905028
Q8DLT5,ProteinMPNN_v020(base),1,0.2803063619472193,7.348475125656637,55.6662583518931
Q54FJ9,ProteinMPNN_v020(base),5,0.5073763106920884,4.0671316671778674,61.15205882352941
B1X495,ProteinMPNN_v020(base),3,0.5681784238104518,3.38900287940659,76.90796116504853
A9A498,ProteinMPNN_v020(base),7,0.732446511123563,3.718757760820088,67.57773519163763
Q69NP0,ProteinMPNN_v020(base),1,0.6742682715632753,3.184802568819155,63.64612903225807
Q9Z9J6,ProteinMPNN_v020(base),7,0.9764919427809152,0.43267397581348616,89.69709677419357
O58832,ProteinMPNN_v020(base),3,0.6448238127866234,4.61386952410918,65.24570175438596
Q980U8,ProteinMPNN_v020(base),3,0.26244236884415095,4.924964897499904,44.949914040114614
O58832,ProteinMPNN_v020(base),5,0.5296675776911701,4.962734401832116,58.688976608187126
Q980U8,ProteinMPNN_v020(base),5,0.30056739489966683,5.656817107374001,47.56544412607451
P60724,ProteinMPNN_v020(base),6,0.7420926933229515,3.090562727921645,78.35149253731342
Q8TY15,ProteinMPNN_v020(base),0,0.21154366531477076,6.992697918148889,36.66271468144045
Q6L047,ProteinMPNN_v020(base),4,0.27423313778234126,6.757294513742875,31.655933147632314
A9CIG1,ProteinMPNN_v020(base),6,0.450989731981853,2.9405839276486545,73.73980198019801
Q6L047,ProteinMPNN_v020(base),2,0.298077037469862,6.168126743919554,36.192952646239554
P02819,ProteinMPNN_v020(base),6,0.7259144616452213,0.9478361175316247,79.49
O28542,ProteinMPNN_v020(base),7,0.4142757729466299,4.928964084833567,57.628088235294115
Q07938,ProteinMPNN_v020(base),7,0.34540777460699484,5.507130127655674,43.76115727002968
Q6DIY2,ProteinMPNN_v020(base),3,0.7884855780323218,2.59772850954026,79.80491620111732
Q54JL0,ProteinMPNN_v020(base),3,0.3059436355289831,4.793052075701122,46.365845181674565
P80505,ProteinMPNN_v020(base),1,0.407136367020391,4.64429497632718,47.10089020771513
Q54JL0,ProteinMPNN_v020(base),5,0.28351382390568247,4.181229274246236,46.42453396524486
Q4R312,ProteinMPNN_v020(base),1,0.7234100587840835,1.9453286945734796,80.30280487804878
P80505,ProteinMPNN_v020(base),7,0.40546689856566903,4.6176010262489875,48.448694362017804
P0A7R6,ProteinMPNN_v020(base),7,0.822449618141212,2.4806487665639794,80.8759223300971
A0A1D8PCG7,ProteinMPNN_v020(base),2,0.7148455976029844,1.7264872234503588,77.4493103448276
A0A1D8PCG7,ProteinMPNN_v020(base),1,0.729857030494311,2.14543663095711,77.46609195402299
P60724,ProteinMPNN_v020(base),7,0.7022031895615402,2.330154743368905,57.80194029850745
P60724,ProteinMPNN_v020(base),1,0.7179444284402468,3.1706595404592615,69.93233830845772
Q9Z9J6,ProteinMPNN_v020(base),0,0.9727661276665058,0.4614282369871298,90.95177419354839
O58832,ProteinMPNN_v020(base),4,0.6671634602003185,4.366878779925115,70.26538011695907
Q980U8,ProteinMPNN_v020(base),4,0.2861741694054122,5.389903320508442,48.32914040114614
Q8DLT5,ProteinMPNN_v020(base),0,0.3136589080833872,7.16409553324442,54.49913140311804
Q54FJ9,ProteinMPNN_v020(base),4,0.8553121184173659,2.4326404176394956,75.39986928104575
G0HQ35,ProteinMPNN_v020(base),6,0.2690529848730121,6.202369032045455,40.950167597765365
Q69NP0,ProteinMPNN_v020(base),6,0.8042037382015541,2.4214779519850516,73.14999999999999
Q54FJ9,ProteinMPNN_v020(base),2,0.6424897639297305,2.8907949071212147,70.08892156862744
Q9N2D5,ProteinMPNN_v020(base),5,0.41987105209948666,4.015064641494931,46.89543543543544
Q69NP0,ProteinMPNN_v020(base),0,0.2982810112495469,3.989041868290846,44.215483870967745
O67786,ProteinMPNN_v020(base),3,0.49324583944786393,4.703086292469917,57.18654708520179
A9A498,ProteinMPNN_v020(base),0,0.8165830646180913,2.555201259547347,79.82243902439023
B1X495,ProteinMPNN_v020(base),2,0.5615590492566945,3.268005629977235,83.72407766990293
P0A7R6,ProteinMPNN_v020(base),1,0.7540797096722588,1.708092471431736,82.84165048543689
Q6L047,ProteinMPNN_v020(base),1,0.46021859435115253,4.815026259704087,44.22846796657382
P02819,ProteinMPNN_v020(base),3,0.6904840783022517,1.2897008020494003,85.75163265306121
Q8TY15,ProteinMPNN_v020(base),6,0.29276456167773957,6.518521652654096,35.132659279778395
B1YC30,ProteinMPNN_v020(base),6,0.32487489140964654,4.945066394897512,46.31522900763359
P02819,ProteinMPNN_v020(base),5,0.7049700877078829,1.0449626477437572,83.0238775510204
A9CIG1,ProteinMPNN_v020(base),3,0.3645592888492585,2.9358409560859595,78.44227722772277
B1YC30,ProteinMPNN_v020(base),0,0.2789249057359189,5.388840647844171,49.239847328244274
O28542,ProteinMPNN_v020(base),1,0.42172690159497844,5.032957614646023,57.755294117647054
Q07938,ProteinMPNN_v020(base),1,0.30776753624850367,5.99609473247547,43.44792284866469
Q6DIY2,ProteinMPNN_v020(base),5,0.648162767132145,3.1035056990228256,70.78575418994413
Q4R312,ProteinMPNN_v020(base),7,0.773337151550562,1.2628342789750486,81.32317073170732
Q8DLT5,ProteinMPNN_v020(base),6,0.3043602267601579,7.92937475521398,58.676124721603564
O67786,ProteinMPNN_v020(base),5,0.47019900169716256,4.320029451439084,54.987892376681614
Q69NP0,ProteinMPNN_v020(base),5,0.47413821542637724,3.8530563304449594,54.49741935483871
G0HQ35,ProteinMPNN_v020(base),0,0.3353367577794928,6.40706690473419,40.95639664804469
B1X495,ProteinMPNN_v020(base),4,0.6818634088583106,2.439510566509445,85.95339805825242
Q9N2D5,ProteinMPNN_v020(base),3,0.4531231910455091,4.654465689107115,45.90405405405405
A9A498,ProteinMPNN_v020(base),6,0.9665957874662995,1.2978635837053139,88.06550522648085
Q9Z9J6,ProteinMPNN_v020(base),6,0.9634020805052019,0.554613188126082,90.15564516129032
O58832,ProteinMPNN_v020(base),2,0.6227076994687042,4.575827120135119,67.07888888888888
Q980U8,ProteinMPNN_v020(base),2,0.24709359572872802,5.332441360134565,41.85527220630373
A0A1D8PCG7,ProteinMPNN_v020(base),7,0.7307515963741512,1.9244882225339477,73.79563218390805
P0A7R6,ProteinMPNN_v020(base),2,0.8359199055897779,1.9992677217078845,86.68912621359225
P0A7R6,ProteinMPNN_v020(base),4,0.9142699016752882,1.5157489943308837,81.86252427184468
Q6DIY2,ProteinMPNN_v020(base),6,0.7302403608999283,2.645268698031338,64.23039106145251
O28542,ProteinMPNN_v020(base),2,0.5383768710961792,5.663677830891961,52.7154705882353
Q07938,ProteinMPNN_v020(base),4,0.2838252553505733,6.703129619261256,37.12186943620178
Q6DIY2,ProteinMPNN_v020(base),0,0.7422137435660602,2.786226043907778,70.81536312849163
Q54JL0,ProteinMPNN_v020(base),0,0.4347472970588909,6.658969068334133,47.04535545023697
Q4R312,ProteinMPNN_v020(base),2,0.7184616640706807,2.064641873467341,79.63597560975609
Q8TY15,ProteinMPNN_v020(base),5,0.24797927779997816,6.191006883279249,38.50617728531855
Q8TY15,ProteinMPNN_v020(base),3,0.23248745026481168,6.328601099196084,34.06470914127424
Q6L047,ProteinMPNN_v020(base),7,0.2397874736002961,7.092730879042977,31.805961002785516
B1X495,ProteinMPNN_v020(base),7,0.539482794015145,2.667977948734145,73.27902912621359
Q54FJ9,ProteinMPNN_v020(base),7,0.6553383395186005,3.1986541713518655,67.37457516339869
O67786,ProteinMPNN_v020(base),6,0.5320356765394402,4.1974322978629734,58.28807174887891
G0HQ35,ProteinMPNN_v020(base),5,0.2565227648389172,5.777404068890085,42.940837988826814
Q8DLT5,ProteinMPNN_v020(base),5,0.3174542287188404,6.991472372864014,57.88398663697105
Q9N2D5,ProteinMPNN_v020(base),0,0.49426440461000287,4.454248192898221,53.518228228228224
Q980U8,ProteinMPNN_v020(base),7,0.29281547831756016,5.460841949675082,44.09100286532951
O58832,ProteinMPNN_v020(base),7,0.6909107844066923,4.228475116897488,69.43970760233918
Q9Z9J6,ProteinMPNN_v020(base),5,0.9436483483869803,0.8486703006738496,90.08016129032256
P60724,ProteinMPNN_v020(base),4,0.7722687438301917,3.412185131224279,66.14681592039803
P60724,ProteinMPNN_v020(base),2,0.5959450262789273,3.787826776281513,63.96442786069652
O28542,ProteinMPNN_v020(base),4,0.5916828654529738,5.120297383624248,61.70082352941177
Q07938,ProteinMPNN_v020(base),2,0.2336872048688776,7.465658700423537,41.124955489614244
Q54JL0,ProteinMPNN_v020(base),6,0.39503822669564714,6.65140139795474,47.643412322274884
P80505,ProteinMPNN_v020(base),4,0.40083644186261413,4.634815477426309,45.74554896142433
Q4R312,ProteinMPNN_v020(base),4,0.7099869036245001,1.864606587524702,80.67817073170731
P80505,ProteinMPNN_v020(base),2,0.35292638610001276,5.852071109070494,42.78548961424332
B1YC30,ProteinMPNN_v020(base),5,0.3872403358596094,5.128993689114031,53.99347328244274
A9CIG1,ProteinMPNN_v020(base),5,0.5100732862552008,3.5836228089476525,73.61178217821784
P02819,ProteinMPNN_v020(base),0,0.729649696411604,0.8726942489516138,84.98061224489797
A9CIG1,ProteinMPNN_v020(base),0,0.3657535354371249,3.2764816282087783,77.6960396039604
B1YC30,ProteinMPNN_v020(base),3,0.3101634094072378,5.319227809297021,49.37625954198474
A0A1D8PCG7,ProteinMPNN_v020(base),4,0.714634464166647,2.600864487188472,77.20678160919542
Q980U8,ProteinMPNN_v020(base),1,0.2651016924302939,6.211445445582401,45.91707736389685
Q9Z9J6,ProteinMPNN_v020(base),3,0.948014128016227,0.6408485925231601,88.86306451612906
O58832,ProteinMPNN_v020(base),1,0.6417888557938752,4.700713650019267,73.70751461988304
B1X495,ProteinMPNN_v020(base),1,0.5431755164044099,3.6393545546848767,73.82485436893204
Q54FJ9,ProteinMPNN_v020(base),1,0.6028344283155201,2.9645741761533655,64.90140522875816
A9A498,ProteinMPNN_v020(base),3,0.942049138203391,1.4897830059885675,82.83728222996515
G0HQ35,ProteinMPNN_v020(base),3,0.2619833642132105,6.056915658009772,43.55248603351955
Q8DLT5,ProteinMPNN_v020(base),3,0.325456915190637,7.496176380244446,54.603184855233856
Q69NP0,ProteinMPNN_v020(base),3,0.3351315507783958,4.024163592547516,55.1394623655914
O67786,ProteinMPNN_v020(base),0,0.5158300257419134,4.623371776433102,56.97318385650224
Q9N2D5,ProteinMPNN_v020(base),6,0.4167475517513454,5.097566741365058,46.748438438438434
A9A498,ProteinMPNN_v020(base),5,0.9626793273635637,1.3355424692759934,87.28268292682925
P0A7R6,ProteinMPNN_v020(base),3,0.8863194033594893,1.5623494081250417,88.00485436893206
P0A7R6,ProteinMPNN_v020(base),5,0.9368881343277657,1.1503422725743166,85.08650485436893
A0A1D8PCG7,ProteinMPNN_v020(base),6,0.740974493628975,2.2739240385839383,81.35229885057473
Q8TY15,ProteinMPNN_v020(base),2,0.22577115496579864,7.3133598388748045,35.21473684210527
A9CIG1,ProteinMPNN_v020(base),2,0.3521494845543485,4.7916794124759265,73.6048514851485
Q6L047,ProteinMPNN_v020(base),6,0.2805682590163261,7.020207341957795,37.56459610027855
P80505,ProteinMPNN_v020(base),5,0.41833356662554394,5.2631726407037345,43.22964391691394
Q6DIY2,ProteinMPNN_v020(base),1,0.748495381857425,2.7258774163813606,62.6008938547486
Q54JL0,ProteinMPNN_v020(base),1,0.3714617289202712,5.960197367912555,45.176382306477095
Q6DIY2,ProteinMPNN_v020(base),7,0.7291363455044265,2.8850371161773958,63.62463687150838
P80505,ProteinMPNN_v020(base),3,0.44755509427516055,4.725279271050763,51.94839762611276
Q4R312,ProteinMPNN_v020(base),3,0.7320352732047292,1.885668591066643,83.06060975609756
B1X495,ProteinMPNN_v020(base),6,0.8208845216004944,2.11556427998469,79.46669902912622
Q54FJ9,ProteinMPNN_v020(base),6,0.6248795479647635,2.656224114249868,73.76960784313725
Q8DLT5,ProteinMPNN_v020(base),2,0.2810524525532914,7.635480052226119,54.596191536748336
G0HQ35,ProteinMPNN_v020(base),4,0.37630379276914955,5.289660397358245,41.988044692737425
Q69NP0,ProteinMPNN_v020(base),4,0.5099481020477391,4.002807633019913,74.7183870967742
O67786,ProteinMPNN_v020(base),1,0.521825275741774,3.6835087272430607,59.789686098654705
A9A498,ProteinMPNN_v020(base),2,0.7345669194258082,3.249983093575303,63.16445993031359
P60724,ProteinMPNN_v020(base),3,0.5532758409995446,2.7103799222966667,61.570398009950246
O58832,ProteinMPNN_v020(base),0,0.4585608533669886,5.203011483053953,67.07298245614035
P02819,ProteinMPNN_v020(base),7,0.6916473765163096,1.4294564745807263,83.42877551020409
Q8TY15,ProteinMPNN_v020(base),4,0.2375921816601095,7.133293911511203,35.16470914127424
Q6L047,ProteinMPNN_v020(base),0,0.41638464097297534,4.69329223045412,40.625571030640664
A9CIG1,ProteinMPNN_v020(base),4,0.43462351949919636,2.9951776967285815,75.0239603960396
P02819,ProteinMPNN_v020(base),1,0.6730364995107124,1.288370299809754,77.89061224489795
B1YC30,ProteinMPNN_v020(base),2,0.38624960233754824,4.309276402193058,47.53477099236641
O28542,ProteinMPNN_v020(base),3,0.5167369681140909,5.604591632413818,61.26661764705883
Q07938,ProteinMPNN_v020(base),5,0.4147482935094748,5.466347918967766,41.523442136498524
Q54JL0,ProteinMPNN_v020(base),7,0.35563892127877056,6.156492533753288,49.74415481832544
O28542,ProteinMPNN_v020(base),5,0.5426845395912733,5.127832756828475,62.64617647058824
Q07938,ProteinMPNN_v020(base),3,0.32058905888176603,5.801165624633287,37.73816023738873
Q4R312,ProteinMPNN_v020(base),5,0.7406352887621126,1.6948792614894188,82.32621951219514
A0A1D8PCG7,ProteinMPNN_v020(base),0,0.6366482090209831,2.4008742673509635,73.08540229885058
P60724,ProteinMPNN_v020(base),5,0.49789710350816685,3.40435929911223,57.02169154228856
Q9Z9J6,ProteinMPNN_v020(base),4,0.9558845118002377,0.6021282823029428,90.29290322580644
Q980U8,ProteinMPNN_v020(base),0,0.3083333577010901,5.5166082089937625,47.201002865329514
Q9Z9J6,ProteinMPNN_v020(base),2,0.9623585919623536,0.5823340890911411,93.12919354838711
Q54FJ9,ProteinMPNN_v020(base),0,0.6398297391538726,3.14075714922754,71.8548366013072
G0HQ35,ProteinMPNN_v020(base),2,0.29651814708269614,5.762037772370848,42.13270949720671
B1X495,ProteinMPNN_v020(base),0,0.6691297571435058,2.366305173109042,84.2247572815534
Q9N2D5,ProteinMPNN_v020(base),1,0.46325518266299043,4.219842331311878,52.32156156156156
Q69NP0,ProteinMPNN_v020(base),2,0.6149920613885005,2.5410314769123654,61.30860215053763
A9A498,ProteinMPNN_v020(base),4,0.7618331830442622,3.892418980944129,69.23365853658537
B1X495,ProteinMPNN_v020(base),5,0.7651790599886531,1.8025758518915371,79.37912621359223
Q9N2D5,ProteinMPNN_v020(base),7,0.41943352146608165,4.899631932140185,41.30996996996998
