"species","domain","phylum_division","class"
"Acetivibrio thermocellus","Bacteria","Bacillota","Clostridia"
"Acidianus ambivalens","Archaea","Thermoproteota","Thermoprotei"
"Acidiphilium cryptum","Bacteria","Pseudomonadota","Alphaproteobacteria"
"Acidithiobacillus ferrooxidans","Bacteria","Pseudomonadota","Acidithiobacillia"
"Acinetobacter baumannii","Bacteria","Pseudomonadota","Gammaproteobacteria"
"Acinetobacter baylyi","Bacteria","Pseudomonadota","Gammaproteobacteria"
"Acorus calamus var. americanus","Eukaryota","Streptophyta","Magnoliopsida"
"Actinobacillus pleuropneumoniae serotype 5b","Bacteria","Pseudomonadota","Gammaproteobacteria"
"Actinobacillus pleuropneumoniae serotype 7","Bacteria","Pseudomonadota","Gammaproteobacteria"
"Adiantum capillus-veneris","Eukaryota","Streptophyta","Polypodiopsida"
"Aedes aegypti","Eukaryota","Arthropoda","Insecta"
"Aeromonas hydrophila","Bacteria","Pseudomonadota","Gammaproteobacteria"
"Aeromonas hydrophila subsp. hydrophila","Bacteria","Pseudomonadota","Gammaproteobacteria"
"Aeromonas salmonicida","Bacteria","Pseudomonadota","Gammaproteobacteria"
"Aeropyrum pernix","Archaea","Thermoproteota","Thermoprotei"
"Agrobacterium fabrum","Bacteria","Pseudomonadota","Alphaproteobacteria"
"Agrostis stolonifera","Eukaryota","Streptophyta","Magnoliopsida"
"Ajellomyces capsulatus","Eukaryota","Ascomycota","Eurotiomycetes"
"Alcanivorax borkumensis","Bacteria","Pseudomonadota","Gammaproteobacteria"
"Aliivibrio fischeri","Bacteria","Pseudomonadota","Gammaproteobacteria"
"Alkalihalobacillus clausii","Bacteria","Bacillota","Bacilli"
"Alkalihalophilus pseudofirmus","Bacteria","Bacillota","Bacilli"
"Alligator mississippiensis","Eukaryota","Chordata",
"Allochromatium vinosum","Bacteria","Pseudomonadota","Gammaproteobacteria"
"Anas platyrhynchos","Eukaryota","Chordata","Other"
"Anopheles gambiae","Eukaryota","Arthropoda","Insecta"
"Anopheles quadrimaculatus","Eukaryota","Arthropoda","Insecta"
"Anthoceros angustus","Eukaryota","Streptophyta","Anthocerotopsida"
"Apis mellifera","Eukaryota","Arthropoda","Insecta"
"Aquifex aeolicus","Bacteria","Aquificota","Other"
"Arabidopsis thaliana","Eukaryota","Vascular plant","Unknown"
"Archaeoglobus fulgidus","Archaea","Euryarchaeota","Other"
"Ashbya gossypii","Eukaryota","Ascomycota","Other"
"Aspergillus clavatus","Eukaryota","Ascomycota","Eurotiomycetes"
"Aspergillus flavus","Eukaryota","Ascomycota","Eurotiomycetes"
"Aspergillus fumigatus","Eukaryota","Ascomycota","Eurotiomycetes"
"Aspergillus niger","Eukaryota","Ascomycota","Eurotiomycetes"
"Aspergillus oryzae","Eukaryota","Ascomycota","Eurotiomycetes"
"Azoarcus sp.","Bacteria","Pseudomonadota","Betaproteobacteria"
"Azospirillum brasilense","Bacteria","Pseudomonadota","Alphaproteobacteria"
"Bacillus anthracis","Bacteria","Bacillota","Bacilli"
"Bacillus cereus","Bacteria","Bacillota","Bacilli"
"Bacillus cytotoxicus","Bacteria","Bacillota","Bacilli"
"Bacillus licheniformis","Bacteria","Bacillota","Bacilli"
"Bacillus sp","Bacteria","Bacillota","Bacilli"
"Bacillus sp.","Bacteria","Bacillota","Bacilli"
"Bacillus spizizenii","Bacteria","Bacillota","Bacilli"
"Bacillus subtilis","Bacteria","Bacillota","Bacilli"
"Bacillus thuringiensis","Bacteria","Bacillota","Bacilli"
"Bacillus thuringiensis serovar kurstaki","Bacteria","Bacillota","Bacilli"
"Bacillus thuringiensis subsp. israelensis","Bacteria","Bacillota","Bacilli"
"Bacillus thuringiensis subsp. konkukian","Bacteria","Bacillota","Bacilli"
"Balaenoptera musculus","Eukaryota","Chordata","Mammalia"
"Balaenoptera physalus","Eukaryota","Chordata","Mammalia"
"Barbarea verna","Eukaryota","Streptophyta","Magnoliopsida"
"Bartonella bacilliformis","Bacteria","Pseudomonadota","Alphaproteobacteria"
"Bifidobacterium longum","Bacteria","Actinomycetota","Actinomycetes"
"Bifidobacterium longum subsp. infantis","Bacteria","Actinomycetota","Actinomycetes"
"Blastochloris viridis","Bacteria","Pseudomonadota","Alphaproteobacteria"
"Blastomyces gilchristii","Eukaryota","Ascomycota","Eurotiomycetes"
"Bordetella pertussis","Bacteria","Pseudomonadota","Betaproteobacteria"
"Borreliella burgdorferi","Bacteria","Spirochaetota","Spirochaetia"
"Bos mutus grunniens","Eukaryota","Chordata","Mammalia"
"Bos taurus","Eukaryota","Chordata","Mammalia"
"Bradyrhizobium diazoefficiens","Bacteria","Pseudomonadota","Alphaproteobacteria"
"Branchiostoma floridae","Eukaryota","Chordata","Other"
"Brucella canis","Bacteria","Pseudomonadota","Alphaproteobacteria"
"Brucella melitensis","Bacteria","Pseudomonadota","Alphaproteobacteria"
"Brucella melitensis biotype 1","Bacteria","Pseudomonadota","Alphaproteobacteria"
"Brucella melitensis biotype 2","Bacteria","Pseudomonadota","Alphaproteobacteria"
"Brucella ovis","Bacteria","Pseudomonadota","Alphaproteobacteria"
"Brucella suis biovar 1","Bacteria","Pseudomonadota","Alphaproteobacteria"
"Brugia malayi","Eukaryota","Nematoda","Other"
"Buchnera aphidicola","Bacteria","Pseudomonadota","Gammaproteobacteria"
"Buchnera aphidicola subsp. Acyrthosiphon pisum","Bacteria","Pseudomonadota","Gammaproteobacteria"
"Buchnera aphidicola subsp. Baizongia pistaciae","Bacteria","Pseudomonadota","Gammaproteobacteria"
"Buchnera aphidicola subsp. Schizaphis graminum","Bacteria","Pseudomonadota","Gammaproteobacteria"
"Burkholderia cenocepacia","Bacteria","Pseudomonadota","Betaproteobacteria"
"Burkholderia mallei","Bacteria","Pseudomonadota","Betaproteobacteria"
"Burkholderia multivorans","Bacteria","Pseudomonadota","Betaproteobacteria"
"Buxus microphylla","Eukaryota","Streptophyta","Magnoliopsida"
"Caenorhabditis briggsae","Eukaryota","Nematoda","Chromadorea"
"Caenorhabditis elegans","Eukaryota","Nematoda","Other"
"Caldanaerobacter subterraneus","Bacteria","Bacillota","Other"
"Caldivirga maquilingensis","Archaea","Thermoproteota","Thermoprotei"
"Calycanthus floridus var. glaucus","Eukaryota","Streptophyta","Magnoliopsida"
"Campylobacter fetus subsp. fetus","Bacteria","Campylobacterota","Epsilonproteobacteria"
"Campylobacter jejuni","Bacteria","Campylobacterota","Other"
"Campylobacter jejuni subsp. doylei","Bacteria","Campylobacterota","Epsilonproteobacteria"
"Campylobacter jejuni subsp. jejuni serotype O:2","Bacteria","Campylobacterota","Epsilonproteobacteria"
"Campylobacter jejuni subsp. jejuni serotype O:23/36","Bacteria","Campylobacterota","Epsilonproteobacteria"
"Candida albicans","Eukaryota","Ascomycota","Saccharomycetes"
"Candida glabrata","Eukaryota","Ascomycota","Saccharomycetes"
"Canis lupus","Eukaryota","Chordata","Mammalia"
"Capra hircus","Eukaryota","Chordata","Mammalia"
"Capsella bursa-pastoris","Eukaryota","Streptophyta","Magnoliopsida"
"Carassius auratus","Eukaryota","Chordata","Actinopteri"
"Carica papaya","Eukaryota","Streptophyta","Magnoliopsida"
"Caulobacter vibrioides","Bacteria","Pseudomonadota","Alphaproteobacteria"
"Cenarchaeum symbiosum","Archaea","Nitrososphaerota",
"Ceratotherium simum","Eukaryota","Chordata","Mammalia"
"Cereibacter sphaeroides","Bacteria","Pseudomonadota","Alphaproteobacteria"
"Chaetosphaeridium globosum","Eukaryota","Streptophyta","Coleochaetophyceae"
"Chlamydia pneumoniae","Bacteria","Chlamydiota","Chlamydiia"
"Chlamydia trachomatis serovar D","Bacteria","Chlamydiota","Chlamydiia"
"Chlamydia trachomatis serovar L2","Bacteria","Chlamydiota","Chlamydiia"
"Chlamydomonas reinhardtii","Eukaryota","Chlorophyta","Other"
"Chlorobaculum tepidum","Bacteria","Chlorobiota","Chlorobiia"
"Chlorobaculum thiosulfatiphilum","Bacteria","Chlorobiota","Chlorobiia"
"Chlorobium phaeobacteroides","Bacteria","Chlorobiota","Chlorobiia"
"Chloroflexus aurantiacus","Bacteria","Chloroflexota","Chloroflexia"
"Chromobacterium violaceum","Bacteria","Pseudomonadota","Betaproteobacteria"
"Citrobacter koseri","Bacteria","Pseudomonadota","Gammaproteobacteria"
"Clostridium acetobutylicum","Bacteria","Bacillota","Other"
"Clostridium beijerinckii","Bacteria","Bacillota","Clostridia"
"Clostridium botulinum","Bacteria","Bacillota","Clostridia"
"Clostridium kluyveri","Bacteria","Bacillota","Clostridia"
"Clostridium perfringens","Bacteria","Bacillota","Clostridia"
"Coffea arabica","Eukaryota","Streptophyta","Magnoliopsida"
"Corynebacterium efficiens","Bacteria","Actinomycetota","Actinomycetes"
"Corynebacterium glutamicum","Bacteria","Actinomycetota","Other"
"Coturnix japonica","Eukaryota","Chordata","Aves"
"Cricetulus griseus","Eukaryota","Chordata","Mammalia"
"Cronobacter sakazakii","Bacteria","Pseudomonadota","Gammaproteobacteria"
"Crucihimalaya wallichii","Eukaryota","Streptophyta","Magnoliopsida"
"Cryptococcus deneoformans","Eukaryota","Basidiomycota","Tremellomycetes"
"Cucumis sativus","Eukaryota","Streptophyta","Magnoliopsida"
"Culex quinquefasciatus","Eukaryota","Arthropoda","Insecta"
"Cupriavidus necator","Bacteria","Pseudomonadota","Betaproteobacteria"
"Cycas taitungensis","Eukaryota","Streptophyta","Cycadopsida"
"Cytophaga hutchinsonii","Bacteria","Bacteroidota","Cytophagia"
"Danio rerio","Eukaryota","Chordata","Other"
"Dasypus novemcinctus","Eukaryota","Chordata","Mammalia"
"Daucus carota","Eukaryota","Streptophyta","Magnoliopsida"
"Debaryomyces hansenii","Eukaryota","Ascomycota","Saccharomycetes"
"Deinococcus radiodurans","Bacteria","Other","Other"
"Dictyostelium discoideum","Eukaryota","Amoebozoa","Other"
"Didelphis virginiana","Eukaryota","Chordata","Mammalia"
"Drimys granadensis","Eukaryota","Streptophyta","Magnoliopsida"
"Drosophila melanogaster","Eukaryota","Arthropoda","Insecta"
"Drosophila persimilis","Eukaryota","Arthropoda","Insecta"
"Drosophila sechellia","Eukaryota","Arthropoda","Insecta"
"Drosophila simulans","Eukaryota","Arthropoda","Insecta"
"Drosophila willistoni","Eukaryota","Arthropoda","Insecta"
"Drosophila yakuba","Eukaryota","Arthropoda","Insecta"
"Dugong dugon","Eukaryota","Chordata","Mammalia"
"Emericella nidulans","Eukaryota","Ascomycota","Eurotiomycetes"
"Encephalitozoon cuniculi","Eukaryota","Microsporidia",
"Entamoeba histolytica","Eukaryota","Amoebozoa","Other"
"Enterobacter sp.","Bacteria","Pseudomonadota","Gammaproteobacteria"
"Enterococcus faecalis","Bacteria","Bacillota","Bacilli"
"Enterococcus hirae","Bacteria","Bacillota","Bacilli"
"Equus caballus","Eukaryota","Chordata","Mammalia"
"Erwinia tasmaniensis","Bacteria","Pseudomonadota","Gammaproteobacteria"
"Escherichia coli","Bacteria","Pseudomonadota","Gammaproteobacteria"
"Escherichia coli O1:K1 / APEC","Bacteria","Pseudomonadota","Gammaproteobacteria"
"Escherichia coli O139:H28","Bacteria","Pseudomonadota","Gammaproteobacteria"
"Escherichia coli O157:H7","Bacteria","Pseudomonadota","Gammaproteobacteria"
"Escherichia coli O17:K52:H18","Bacteria","Pseudomonadota","Gammaproteobacteria"
"Escherichia coli O45:K1","Bacteria","Pseudomonadota","Gammaproteobacteria"
"Escherichia coli O6:H1","Bacteria","Pseudomonadota","Gammaproteobacteria"
"Escherichia coli O7:K1","Bacteria","Pseudomonadota","Gammaproteobacteria"
"Escherichia coli O81","Bacteria","Pseudomonadota","Gammaproteobacteria"
"Escherichia coli O9:H4","Bacteria","Pseudomonadota","Gammaproteobacteria"
"Eucalyptus globulus subsp. globulus","Eukaryota","Streptophyta","Magnoliopsida"
"Fagopyrum esculentum subsp. ancestrale","Eukaryota","Streptophyta","Magnoliopsida"
"Felis catus","Eukaryota","Chordata","Mammalia"
"Formosania lacustris","Eukaryota","Chordata","Actinopteri"
"Francisella tularensis subsp. holarctica","Bacteria","Pseudomonadota","Gammaproteobacteria"
"Francisella tularensis subsp. tularensis","Bacteria","Pseudomonadota","Gammaproteobacteria"
"Gadus morhua","Eukaryota","Chordata","Actinopteri"
"Gallus gallus","Eukaryota","Chordata","Other"
"Geobacillus kaustophilus","Bacteria","Bacillota","Bacilli"
"Geobacillus stearothermophilus","Bacteria","Bacillota","Bacilli"
"Gibberella zeae","Eukaryota","Ascomycota","Sordariomycetes"
"Gorilla gorilla","Eukaryota","Chordata","Mammalia"
"Gorilla gorilla gorilla","Eukaryota","Chordata","Mammalia"
"Gossypium barbadense","Eukaryota","Streptophyta","Magnoliopsida"
"Haemophilus ducreyi","Bacteria","Pseudomonadota","Gammaproteobacteria"
"Haemophilus influenzae","Bacteria","Proteobacteria","Other"
"Halalkalibacterium halodurans","Bacteria","Bacillota","Bacilli"
"Haloarcula hispanica","Archaea","Methanobacteriota","Halobacteria"
"Haloarcula marismortui","Archaea","Methanobacteriota","Halobacteria"
"Halobacterium salinarum","Archaea","Euryarchaeota","Other"
"Haloferax mediterranei","Archaea","Methanobacteriota","Halobacteria"
"Haloferax volcanii","Archaea","Methanobacteriota","Halobacteria"
"Halopiger xanaduensis","Archaea","Methanobacteriota","Halobacteria"
"Haloquadratum walsbyi","Archaea","Methanobacteriota","Halobacteria"
"Halorhodospira halophila","Bacteria","Pseudomonadota","Gammaproteobacteria"
"Halorubrum lacusprofundi","Archaea","Methanobacteriota","Halobacteria"
"Helianthus annuus","Eukaryota","Streptophyta","Magnoliopsida"
"Helicobacter pylori","Bacteria","Campylobacterota","Other"
"Homo sapiens","Eukaryota","Chordata","Mammalia"
"Hordeum vulgare","Eukaryota","Streptophyta","Magnoliopsida"
"Huperzia lucidula","Eukaryota","Streptophyta","Lycopodiopsida"
"Hydra vulgaris","Eukaryota","Cnidaria","Other"
"Hydrogenobacter thermophilus","Bacteria","Aquificota","Aquificia"
"Hylobates lar","Eukaryota","Chordata","Mammalia"
"Hyperthermus butylicus","Archaea","Thermoproteota","Thermoprotei"
"Ignicoccus hospitalis","Archaea","Thermoproteota","Thermoprotei"
"Ipomoea purpurea","Eukaryota","Streptophyta","Magnoliopsida"
"Jasminum nudiflorum","Eukaryota","Streptophyta","Magnoliopsida"
"Klebsiella aerogenes","Bacteria","Pseudomonadota","Gammaproteobacteria"
"Klebsiella pneumoniae","Bacteria","Pseudomonadota","Gammaproteobacteria"
"Klebsiella pneumoniae subsp. pneumoniae","Bacteria","Pseudomonadota","Gammaproteobacteria"
"Kluyveromyces lactis","Eukaryota","Ascomycota","Saccharomycetes"
"Korarchaeum cryptofilum","Archaea","Thermoproteota","Candidatus Korarchaeia"
"Lactiplantibacillus plantarum","Bacteria","Bacillota","Bacilli"
"Lactococcus lactis","Bacteria","Bacillota","Bacilli"
"Lactococcus lactis subsp. cremoris","Bacteria","Bacillota","Bacilli"
"Lactococcus lactis subsp. lactis","Bacteria","Bacillota","Bacilli"
"Latimeria chalumnae","Eukaryota","Chordata",
"Legionella pneumophila","Bacteria","Pseudomonadota","Gammaproteobacteria"
"Legionella pneumophila subsp. pneumophila","Bacteria","Pseudomonadota","Gammaproteobacteria"
"Leifsonia xyli subsp. xyli","Bacteria","Actinomycetota","Actinomycetes"
"Lemna minor","Eukaryota","Streptophyta","Magnoliopsida"
"Lemur catta","Eukaryota","Chordata","Mammalia"
"Lepidium virginicum","Eukaryota","Streptophyta","Magnoliopsida"
"Levilactobacillus brevis","Bacteria","Bacillota","Bacilli"
"Liriodendron tulipifera","Eukaryota","Streptophyta","Magnoliopsida"
"Listeria monocytogenes","Bacteria","Bacillota","Bacilli"
"Listeria monocytogenes serotype 1/2a","Bacteria","Bacillota","Bacilli"
"Listeria monocytogenes serovar 1/2a","Bacteria","Bacillota","Bacilli"
"Lobularia maritima","Eukaryota","Streptophyta","Magnoliopsida"
"Lodderomyces elongisporus","Eukaryota","Ascomycota","Pichiomycetes"
"Lotus japonicus","Eukaryota","Streptophyta","Magnoliopsida"
"Loxodonta africana","Eukaryota","Chordata","Mammalia"
"Lumbricus terrestris","Eukaryota","Annelida","Clitellata"
"Lycodon semicarinatus","Eukaryota","Chordata","Lepidosauria"
"Macaca fascicularis","Eukaryota","Chordata","Mammalia"
"Mammuthus primigenius","Eukaryota","Chordata","Mammalia"
"Mannheimia succiniciproducens","Bacteria","Pseudomonadota","Gammaproteobacteria"
"Marchantia polymorpha","Eukaryota","Streptophyta","Marchantiopsida"
"Marinobacter nauticus","Bacteria","Pseudomonadota","Gammaproteobacteria"
"Mesocricetus auratus","Eukaryota","Chordata","Mammalia"
"Mesorhizobium japonicum","Bacteria","Pseudomonadota","Alphaproteobacteria"
"Mesostigma viride","Eukaryota","Streptophyta","Mesostigmatophyceae"
"Metallosphaera sedula","Archaea","Thermoproteota","Thermoprotei"
"Methanobacterium formicicum","Archaea","Methanobacteriota","Methanobacteria"
"Methanobrevibacter smithii","Archaea","Methanobacteriota","Methanobacteria"
"Methanocaldococcus jannaschii","Archaea","Euryarchaeota","Other"
"Methanocella arvoryzae","Archaea","Methanobacteriota","Methanomicrobia"
"Methanococcoides burtonii","Archaea","Methanobacteriota","Methanomicrobia"
"Methanococcus aeolicus","Archaea","Methanobacteriota","Methanococci"
"Methanococcus maripaludis","Archaea","Methanobacteriota","Methanococci"
"Methanococcus vannielii","Archaea","Methanobacteriota","Methanococci"
"Methanocorpusculum labreanum","Archaea","Methanobacteriota","Methanomicrobia"
"Methanoculleus marisnigri","Archaea","Methanobacteriota","Methanomicrobia"
"Methanopyrus kandleri","Archaea","Methanobacteriota","Methanopyri"
"Methanoregula boonei","Archaea","Methanobacteriota","Methanomicrobia"
"Methanosarcina acetivorans","Archaea","Euryarchaeota","Other"
"Methanosarcina barkeri","Archaea","Methanobacteriota","Methanomicrobia"
"Methanosarcina mazei","Archaea","Methanobacteriota","Methanomicrobia"
"Methanosphaera stadtmanae","Archaea","Methanobacteriota","Methanobacteria"
"Methanosphaerula palustris","Archaea","Methanobacteriota","Methanomicrobia"
"Methanospirillum hungatei JF-1","Archaea","Methanobacteriota","Methanomicrobia"
"Methanothermobacter marburgensis","Archaea","Methanobacteriota","Methanobacteria"
"Methanothermobacter thermautotrophicus","Archaea","Euryarchaeota","Other"
"Methanothermus fervidus","Archaea","Methanobacteriota","Methanobacteria"
"Methanothrix thermoacetophila","Archaea","Methanobacteriota","Methanomicrobia"
"Methylococcus capsulatus","Bacteria","Pseudomonadota","Gammaproteobacteria"
"Meyerozyma guilliermondii","Eukaryota","Ascomycota","Pichiomycetes"
"Micrococcus luteus","Bacteria","Actinomycetota","Actinomycetes"
"Microcystis aeruginosa","Bacteria","Cyanobacteriota","Cyanophyceae"
"Micromonas commoda","Eukaryota","Chlorophyta","Mamiellophyceae"
"Monodelphis domestica","Eukaryota","Chordata","Mammalia"
"Mus musculus","Eukaryota","Chordata","Mammalia"
"Mycobacterium bovis","Bacteria","Actinomycetota","Actinomycetes"
"Mycobacterium leprae","Bacteria","Actinomycetota","Actinomycetes"
"Mycobacterium sp.","Bacteria","Actinomycetota","Actinomycetes"
"Mycobacterium tuberculosis","Bacteria","Actinomycetota","Actinomycetes"
"Mycobacteroides abscessus","Bacteria","Actinomycetota","Actinomycetes"
"Mycolicibacterium gilvum","Bacteria","Actinomycetota","Actinomycetes"
"Mycolicibacterium paratuberculosis","Bacteria","Actinomycetota","Actinomycetes"
"Mycolicibacterium smegmatis","Bacteria","Actinomycetota","Other"
"Mycolicibacterium smegmatis155)","Bacteria","Actinomycetota","Actinomycetes"
"Mycoplasma genitalium","Bacteria","Mycoplasmatota",
"Mycoplasma pneumoniae","Bacteria","Firmicutes","Other"
"Mycosarcoma maydis","Eukaryota","Basidiomycota","Ustilaginomycetes"
"Myxococcus xanthus","Bacteria","Myxococcota","Myxococcia"
"Nanoarchaeum equitans","Archaea","Other","Unknown"
"Nasturtium officinale","Eukaryota","Streptophyta","Magnoliopsida"
"Natrialba magadii","Archaea","Methanobacteriota","Halobacteria"
"Natronomonas pharaonis","Archaea","Methanobacteriota","Halobacteria"
"Neisseria gonorrhoeae","Bacteria","Pseudomonadota","Betaproteobacteria"
"Neisseria meningitidis","Bacteria","Pseudomonadota","Betaproteobacteria"
"Nematostella vectensis","Eukaryota","Cnidaria","Other"
"Neosartorya fischeri","Eukaryota","Ascomycota","Eurotiomycetes"
"Neurospora crassa","Eukaryota","Ascomycota","Other"
"Nicotiana sylvestris","Eukaryota","Streptophyta","Magnoliopsida"
"Nicotiana tabacum","Eukaryota","Vascular plant","Unknown"
"Nitratidesulfovibrio vulgaris","Bacteria","Thermodesulfobacteriota","Desulfovibrionia"
"Nitrosomonas europaea","Bacteria","Pseudomonadota","Betaproteobacteria"
"Nitrosopumilus maritimus","Archaea","Nitrososphaerota","Nitrososphaeria"
"Nocardia farcinica","Bacteria","Actinomycetota","Actinomycetes"
"Nocardioides sp.","Bacteria","Actinomycetota","Actinomycetes"
"Nostoc punctiforme","Bacteria","Cyanobacteriota","Cyanophyceae"
"Nostoc sp.","Bacteria","Cyanobacteria","Cyanophyceae"
"Notamacropus eugenii","Eukaryota","Chordata","Mammalia"
"Oceanobacillus iheyensis","Bacteria","Bacillota","Bacilli"
"Oenothera berteroana","Eukaryota","Streptophyta","Magnoliopsida"
"Oenothera elata subsp. hookeri","Eukaryota","Streptophyta","Magnoliopsida"
"Ogataea parapolymorpha","Eukaryota","Ascomycota","Pichiomycetes"
"Olimarabidopsis pumila","Eukaryota","Streptophyta","Magnoliopsida"
"Oncorhynchus mykiss","Eukaryota","Chordata","Actinopteri"
"Ornithorhynchus anatinus","Eukaryota","Chordata","Mammalia"
"Oryctolagus cuniculus","Eukaryota","Chordata","Mammalia"
"Oryza sativa","Eukaryota","Vascular plant","Unknown"
"Oryza sativa subsp. indica","Eukaryota","Streptophyta","Magnoliopsida"
"Oryza sativa subsp. japonica","Eukaryota","Streptophyta","Magnoliopsida"
"Ostreococcus lucimarinus","Eukaryota","Chlorophyta","Mamiellophyceae"
"Ostreococcus tauri","Eukaryota","Chlorophyta","Mamiellophyceae"
"Ovis aries","Eukaryota","Chordata","Mammalia"
"Paenarthrobacter aurescens","Bacteria","Actinomycetota","Actinomycetes"
"Paenarthrobacter nicotinovorans","Bacteria","Actinomycetota","Actinomycetes"
"Pan paniscus","Eukaryota","Chordata","Mammalia"
"Pan troglodytes","Eukaryota","Chordata","Mammalia"
"Papio hamadryas","Eukaryota","Chordata","Mammalia"
"Paracoccidioides brasiliensis","Eukaryota","Ascomycota","Eurotiomycetes"
"Paracoccidioides lutzii","Eukaryota","Ascomycota","Eurotiomycetes"
"Paracoccus denitrificans","Bacteria","Pseudomonadota","Alphaproteobacteria"
"Paramagnetospirillum magneticum","Bacteria","Pseudomonadota","Alphaproteobacteria"
"Paramecium tetraurelia","Eukaryota","Ciliophora","Other"
"Pasteurella multocida","Bacteria","Pseudomonadota","Gammaproteobacteria"
"Paulinella chromatophora","Eukaryota","Cercozoa","Imbricatea"
"Pectobacterium atrosepticum","Bacteria","Pseudomonadota","Gammaproteobacteria"
"Pelotomaculum thermopropionicum","Bacteria","Bacillota","Clostridia"
"Penicillium rubens","Eukaryota","Ascomycota","Eurotiomycetes"
"Persephonella marina","Bacteria","Aquificota","Aquificia"
"Petromyzon marinus","Eukaryota","Chordata","Other"
"Phaseolus vulgaris","Eukaryota","Streptophyta","Magnoliopsida"
"Phoca vitulina","Eukaryota","Chordata","Mammalia"
"Photobacterium profundum","Bacteria","Pseudomonadota","Gammaproteobacteria"
"Photorhabdus laumondii","Bacteria","Pseudomonadota","Gammaproteobacteria"
"Photorhabdus laumondii subsp. laumondii","Bacteria","Pseudomonadota","Gammaproteobacteria"
"Physcomitrium patens","Eukaryota","Streptophyta","Bryopsida"
"Phytophthora infestans","Eukaryota","Oomycota","Other"
"Pichia angusta","Eukaryota","Ascomycota","Pichiomycetes"
"Picosynechococcus sp.","Bacteria","Cyanobacteriota","Cyanophyceae"
"Picrophilus torridus","Archaea","Thermoplasmatota","Thermoplasmata"
"Pisum sativum","Eukaryota","Streptophyta","Magnoliopsida"
"Plasmodium falciparum","Eukaryota","Apicomplexa","Other"
"Platanus occidentalis","Eukaryota","Streptophyta","Magnoliopsida"
"Polaromonas naphthalenivorans","Bacteria","Pseudomonadota","Betaproteobacteria"
"Pongo abelii","Eukaryota","Chordata","Mammalia"
"Pongo pygmaeus","Eukaryota","Chordata","Mammalia"
"Populus trichocarpa","Eukaryota","Streptophyta","Magnoliopsida"
"Porphyromonas gingivalis","Bacteria","Bacteroidota","Bacteroidia"
"Prochlorococcus marinus","Bacteria","Cyanobacteriota","Cyanophyceae"
"Proteus mirabilis","Bacteria","Pseudomonadota","Gammaproteobacteria"
"Pseudomonas aeruginosa","Bacteria","Pseudomonadota","Gammaproteobacteria"
"Pseudomonas fluorescens","Bacteria","Pseudomonadota","Gammaproteobacteria"
"Pseudomonas paraeruginosa","Bacteria","Pseudomonadota","Gammaproteobacteria"
"Pseudomonas putida","Bacteria","Pseudomonadota","Gammaproteobacteria"
"Pseudomonas sp","Bacteria","Pseudomonadota","Gammaproteobacteria"
"Pseudomonas sp.","Bacteria","Pseudomonadota","Gammaproteobacteria"
"Pseudomonas syringae pv. tomato","Bacteria","Pseudomonadota","Gammaproteobacteria"
"Pseudomonas taetrolens","Bacteria","Pseudomonadota","Gammaproteobacteria"
"Pyricularia oryzae","Eukaryota","Ascomycota","Sordariomycetes"
"Pyrobaculum aerophilum","Archaea","Other","Unknown"
"Pyrobaculum arsenaticum","Archaea","Thermoproteota","Thermoprotei"
"Pyrobaculum calidifontis","Archaea","Thermoproteota","Thermoprotei"
"Pyrobaculum islandicum","Archaea","Thermoproteota","Thermoprotei"
"Pyrobaculum neutrophilum","Archaea","Thermoproteota","Thermoprotei"
"Pyrococcus abyssi","Archaea","Methanobacteriota","Thermococci"
"Pyrococcus furiosus","Archaea","Euryarchaeota","Other"
"Pyrococcus horikoshii","Archaea","Euryarchaeota","Other"
"Pyrococcus woesei","Archaea","Methanobacteriota","Thermococci"
"Ralstonia solanacearum","Bacteria","Pseudomonadota","Betaproteobacteria"
"Rattus norvegicus","Eukaryota","Chordata","Mammalia"
"Rhinoceros unicornis","Eukaryota","Chordata","Mammalia"
"Rhipicephalus sanguineus","Eukaryota","Arthropoda","Arachnida"
"Rhizobium meliloti","Bacteria","Pseudomonadota","Alphaproteobacteria"
"Rhodobacter capsulatus","Bacteria","Pseudomonadota","Alphaproteobacteria"
"Rhodococcus erythropolis","Bacteria","Actinomycetota","Actinomycetes"
"Rhodococcus jostii","Bacteria","Actinomycetota","Actinomycetes"
"Rhodococcus sp","Bacteria","Actinomycetota","Actinomycetes"
"Rhodopseudomonas palustris","Bacteria","Pseudomonadota","Alphaproteobacteria"
"Rhodospirillum rubrum","Bacteria","Pseudomonadota","Alphaproteobacteria"
"Rhodovulum sulfidophilum","Bacteria","Pseudomonadota","Alphaproteobacteria"
"Ricinus communis","Eukaryota","Streptophyta","Magnoliopsida"
"Rickettsia conorii","Bacteria","Pseudomonadota","Alphaproteobacteria"
"Rickettsia felis","Bacteria","Pseudomonadota","Alphaproteobacteria"
"Rickettsia prowazekii","Bacteria","Pseudomonadota","Alphaproteobacteria"
"Ruegeria pomeroyi","Bacteria","Pseudomonadota","Alphaproteobacteria"
"Saccharolobus islandicus","Archaea","Thermoproteota","Thermoprotei"
"Saccharolobus shibatae","Archaea","Thermoproteota","Thermoprotei"
"Saccharolobus solfataricus","Archaea","Thermoproteota","Other"
"Saccharomyces cerevisiae","Eukaryota","Ascomycota","Saccharomycetes"
"Saccharopolyspora erythraea","Bacteria","Actinomycetota","Actinomycetes"
"Salmo salar","Eukaryota","Chordata","Actinopteri"
"Salmo trutta","Eukaryota","Chordata","Actinopteri"
"Salmonella paratyphi B","Bacteria","Pseudomonadota","Gammaproteobacteria"
"Salmonella typhi","Bacteria","Pseudomonadota","Gammaproteobacteria"
"Salmonella typhimurium","Bacteria","Pseudomonadota","Other"
"Scheffersomyces stipitis","Eukaryota","Ascomycota","Pichiomycetes"
"Schistosoma japonicum","Eukaryota","Platyhelminthes","Other"
"Schistosoma mansoni","Eukaryota","Platyhelminthes","Trematoda"
"Schizosaccharomyces pombe","Eukaryota","Ascomycota","Other"
"Scyliorhinus canicula","Eukaryota","Chordata","Chondrichthyes"
"Serratia proteamaculans","Bacteria","Pseudomonadota","Gammaproteobacteria"
"Shewanella baltica","Bacteria","Pseudomonadota","Gammaproteobacteria"
"Shewanella frigidimarina","Bacteria","Pseudomonadota","Gammaproteobacteria"
"Shewanella oneidensis","Bacteria","Pseudomonadota","Gammaproteobacteria"
"Shewanella putrefaciens","Bacteria","Pseudomonadota","Gammaproteobacteria"
"Shewanella sp.","Bacteria","Pseudomonadota","Gammaproteobacteria"
"Shigella boydii serotype 18","Bacteria","Pseudomonadota","Gammaproteobacteria"
"Shigella flexneri","Bacteria","Pseudomonadota","Gammaproteobacteria"
"Sigmodon hispidus","Eukaryota","Chordata","Mammalia"
"Sinorhizobium fredii","Bacteria","Pseudomonadota","Alphaproteobacteria"
"Sodalis glossinidius","Bacteria","Pseudomonadota","Gammaproteobacteria"
"Solanum lycopersicum","Eukaryota","Vascular plant","Unknown"
"Solanum tuberosum","Eukaryota","Streptophyta","Magnoliopsida"
"Sordaria macrospora / K-hell)","Eukaryota","Ascomycota","Sordariomycetes"
"Sorghum bicolor","Eukaryota","Streptophyta","Magnoliopsida"
"Spinacia oleracea","Eukaryota","Streptophyta","Magnoliopsida"
"Staphylococcus aureus","Bacteria","Bacillota","Bacilli"
"Staphylococcus epidermidis","Bacteria","Bacillota","Bacilli"
"Staphylococcus haemolyticus","Bacteria","Bacillota","Bacilli"
"Staurastrum punctulatum","Eukaryota","Streptophyta","Zygnematophyceae"
"Stenotrophomonas maltophilia","Bacteria","Pseudomonadota","Gammaproteobacteria"
"Streptococcus gordonii","Bacteria","Bacillota","Bacilli"
"Streptococcus pneumoniae","Bacteria","Bacillota","Bacilli"
"Streptococcus pneumoniae serotype 2","Bacteria","Bacillota","Bacilli"
"Streptococcus pneumoniae serotype 4","Bacteria","Bacillota","Bacilli"
"Streptococcus pyogenes","Bacteria","Bacillota","Bacilli"
"Streptococcus pyogenes serotype M1","Bacteria","Bacillota","Bacilli"
"Streptococcus pyogenes serotype M3","Bacteria","Bacillota","Bacilli"
"Streptococcus pyogenes serotype M6","Bacteria","Bacillota","Bacilli"
"Streptococcus suis","Bacteria","Bacillota","Bacilli"
"Streptomyces arenae","Bacteria","Actinomycetota","Actinomycetes"
"Streptomyces avermitilis","Bacteria","Actinomycetota","Actinomycetes"
"Streptomyces coelicolor","Bacteria","Actinomycetota","Other"
"Streptomyces coelicolor / M145)","Bacteria","Actinomycetota","Actinomycetes"
"Streptomyces glaucescens","Bacteria","Actinomycetota","Actinomycetes"
"Streptomyces griseus subsp. griseus","Bacteria","Actinomycetota","Actinomycetes"
"Streptomyces lavendulae","Bacteria","Actinomycetota","Actinomycetes"
"Struthio camelus","Eukaryota","Chordata","Aves"
"Stutzerimonas stutzeri","Bacteria","Pseudomonadota","Gammaproteobacteria"
"Sulfolobus acidocaldarius","Archaea","Other","Unknown"
"Sulfurisphaera tokodaii","Archaea","Thermoproteota","Thermoprotei"
"Sus scrofa","Eukaryota","Chordata","Mammalia"
"Synechococcus elongatus","Bacteria","Cyanobacteria","Cyanophyceae"
"Synechococcus sp.","Bacteria","Cyanobacteriota","Cyanophyceae"
"Synechocystis sp.","Bacteria","Cyanobacteria","Cyanophyceae"
"Syntrophobacter fumaroxidans","Bacteria","Thermodesulfobacteriota","Syntrophobacteria"
"Tachyglossus aculeatus aculeatus","Eukaryota","Chordata","Mammalia"
"Taeniopygia guttata","Eukaryota","Chordata","Aves"
"Takifugu rubripes","Eukaryota","Chordata","Other"
"Talaromyces stipitatus","Eukaryota","Ascomycota","Eurotiomycetes"
"Tetraodon nigroviridis","Eukaryota","Chordata","Actinopteri"
"Thermococcus gammatolerans","Archaea","Methanobacteriota","Thermococci"
"Thermococcus kodakarensis","Archaea","Euryarchaeota","Unknown"
"Thermococcus litoralis","Archaea","Methanobacteriota","Thermococci"
"Thermococcus onnurineus","Archaea","Methanobacteriota","Thermococci"
"Thermococcus sibiricus","Archaea","Methanobacteriota","Thermococci"
"Thermococcus sp.","Archaea","Methanobacteriota","Thermococci"
"Thermofilum pendens","Archaea","Thermoproteota","Thermoprotei"
"Thermoplasma acidophilum","Archaea","Thermoplasmatota","Thermoplasmata"
"Thermoplasma volcanium","Archaea","Thermoplasmatota","Thermoplasmata"
"Thermoproteus tenax","Archaea","Thermoproteota","Thermoprotei"
"Thermostichus vulcanus","Bacteria","Cyanobacteriota","Cyanophyceae"
"Thermosynechococcus vestitus","Bacteria","Cyanobacteria","Cyanophyceae"
"Thermotoga maritima","Bacteria","Thermotogota","Other"
"Thermus thermophilus","Bacteria","Deinococcota","Deinococci"
"Toxoplasma gondii","Eukaryota","Apicomplexa","Other"
"Treponema pallidum","Bacteria","Spirochaetota","Other"
"Treponema pallidum subsp. pallidum","Bacteria","Spirochaetota","Spirochaetia"
"Trichoderma koningii","Eukaryota","Ascomycota","Sordariomycetes"
"Trichoplax adhaerens","Eukaryota","Placozoa","Other"
"Trichormus variabilis","Bacteria","Cyanobacteria","Cyanophyceae"
"Triticum aestivum","Eukaryota","Streptophyta","Magnoliopsida"
"Trypanosoma brucei brucei","Eukaryota","Euglenozoa","Kinetoplastea"
"Verminephrobacter eiseniae","Bacteria","Pseudomonadota","Betaproteobacteria"
"Vibrio cholerae","Bacteria","Pseudomonadota","Gammaproteobacteria"
"Vibrio cholerae serotype O1","Bacteria","Pseudomonadota","Gammaproteobacteria"
"Vibrio parahaemolyticus serotype O3:K6","Bacteria","Pseudomonadota","Gammaproteobacteria"
"Vibrio vulnificus","Bacteria","Pseudomonadota","Gammaproteobacteria"
"Vitis vinifera","Eukaryota","Streptophyta","Magnoliopsida"
"Xanthobacter autotrophicus","Bacteria","Pseudomonadota","Alphaproteobacteria"
"Xanthomonas campestris","Bacteria","Pseudomonadota","Gammaproteobacteria"
"Xanthomonas campestris pv. campestris","Bacteria","Pseudomonadota","Gammaproteobacteria"
"Xenopus laevis","Eukaryota","Chordata","Amphibia"
"Xenopus tropicalis","Eukaryota","Chordata","Other"
"Xylella fastidiosa","Bacteria","Pseudomonadota","Gammaproteobacteria"
"Yarrowia lipolytica","Eukaryota","Ascomycota","Saccharomycetes"
"Yersinia enterocolitica","Bacteria","Pseudomonadota","Gammaproteobacteria"
"Yersinia enterocolitica serotype O:8 / biotype 1B","Bacteria","Pseudomonadota","Gammaproteobacteria"
"Yersinia pestis","Bacteria","Pseudomonadota","Gammaproteobacteria"
"Yersinia pseudotuberculosis serotype IB","Bacteria","Pseudomonadota","Gammaproteobacteria"
"Yersinia pseudotuberculosis serotype O:1b","Bacteria","Pseudomonadota","Gammaproteobacteria"
"Yersinia pseudotuberculosis serotype O:3","Bacteria","Pseudomonadota","Gammaproteobacteria"
"Zea mays","Eukaryota","Vascular plant","Unknown"
"Zygnema circumcarinatum","Eukaryota","Streptophyta","Zygnematophyceae"
"Zygosaccharomyces rouxii","Eukaryota","Ascomycota","Saccharomycetes"
