model,uniprot_id,func_recovery,bg_recovery,n_func
Caliby,A9A498,0.6666666666666666,0.460431654676259,9
Caliby,A9A498,0.4444444444444444,0.5035971223021583,9
Caliby,A9A498,0.6666666666666666,0.5107913669064749,9
Caliby,A9A498,0.6666666666666666,0.5,9
Caliby,A9A498,0.6666666666666666,0.5071942446043165,9
Caliby,A9A498,0.6666666666666666,0.5071942446043165,9
Caliby,A9A498,0.6666666666666666,0.5251798561151079,9
Caliby,A9A498,0.5555555555555556,0.49280575539568344,9
ESM-IF,A9A498,0.8888888888888888,0.697841726618705,9
ESM-IF,A9A498,0.8888888888888888,0.6762589928057554,9
ESM-IF,A9A498,0.8888888888888888,0.6726618705035972,9
ESM-IF,A9A498,0.8888888888888888,0.6870503597122302,9
ESM-IF,A9A498,0.8888888888888888,0.6762589928057554,9
ESM-IF,A9A498,0.8888888888888888,0.6618705035971223,9
ESM-IF,A9A498,0.8888888888888888,0.6726618705035972,9
ESM-IF,A9A498,0.8888888888888888,0.6942446043165468,9
MIF,A9A498,0.4444444444444444,0.5467625899280576,9
MIF,A9A498,0.6666666666666666,0.5575539568345323,9
MIF,A9A498,0.5555555555555556,0.5431654676258992,9
MIF,A9A498,0.4444444444444444,0.5755395683453237,9
MIF,A9A498,0.4444444444444444,0.5359712230215827,9
MIF,A9A498,0.7777777777777778,0.5611510791366906,9
MIF,A9A498,0.6666666666666666,0.5323741007194245,9
MIF,A9A498,0.6666666666666666,0.539568345323741,9
MIF-ST,A9A498,0.2222222222222222,0.42805755395683454,9
MIF-ST,A9A498,0.3333333333333333,0.4352517985611511,9
MIF-ST,A9A498,0.4444444444444444,0.4316546762589928,9
MIF-ST,A9A498,0.3333333333333333,0.3669064748201439,9
MIF-ST,A9A498,0.0,0.381294964028777,9
MIF-ST,A9A498,0.1111111111111111,0.41007194244604317,9
MIF-ST,A9A498,0.4444444444444444,0.4460431654676259,9
MIF-ST,A9A498,0.3333333333333333,0.4316546762589928,9
ProteinMPNN,A9A498,0.6666666666666666,0.539568345323741,9
ProteinMPNN,A9A498,0.6666666666666666,0.5539568345323741,9
ProteinMPNN,A9A498,0.6666666666666666,0.5431654676258992,9
ProteinMPNN,A9A498,0.7777777777777778,0.5503597122302158,9
ProteinMPNN,A9A498,0.7777777777777778,0.5431654676258992,9
ProteinMPNN,A9A498,0.6666666666666666,0.5575539568345323,9
ProteinMPNN,A9A498,0.7777777777777778,0.5143884892086331,9
ProteinMPNN,A9A498,0.7777777777777778,0.5179856115107914,9
SolubleCaliby,A9A498,0.4444444444444444,0.4748201438848921,9
SolubleCaliby,A9A498,0.5555555555555556,0.4892086330935252,9
SolubleCaliby,A9A498,0.6666666666666666,0.4568345323741007,9
SolubleCaliby,A9A498,0.4444444444444444,0.4712230215827338,9
SolubleCaliby,A9A498,0.5555555555555556,0.460431654676259,9
SolubleCaliby,A9A498,0.5555555555555556,0.460431654676259,9
SolubleCaliby,A9A498,0.5555555555555556,0.48201438848920863,9
SolubleCaliby,A9A498,0.4444444444444444,0.4748201438848921,9
SolubleMPNN,A9A498,0.7777777777777778,0.5143884892086331,9
SolubleMPNN,A9A498,0.7777777777777778,0.5359712230215827,9
SolubleMPNN,A9A498,0.6666666666666666,0.5251798561151079,9
SolubleMPNN,A9A498,0.6666666666666666,0.5143884892086331,9
SolubleMPNN,A9A498,0.7777777777777778,0.5,9
SolubleMPNN,A9A498,0.6666666666666666,0.5359712230215827,9
SolubleMPNN,A9A498,0.6666666666666666,0.5107913669064749,9
SolubleMPNN,A9A498,0.6666666666666666,0.5071942446043165,9
Caliby,O28542,0.3,0.45454545454545453,10
Caliby,O28542,0.3,0.4484848484848485,10
Caliby,O28542,0.2,0.44242424242424244,10
Caliby,O28542,0.3,0.46060606060606063,10
Caliby,O28542,0.2,0.45454545454545453,10
Caliby,O28542,0.2,0.42424242424242425,10
Caliby,O28542,0.2,0.42727272727272725,10
Caliby,O28542,0.2,0.44545454545454544,10
ESM-IF,O28542,0.6,0.6151515151515151,10
ESM-IF,O28542,0.6,0.6060606060606061,10
ESM-IF,O28542,0.6,0.6242424242424243,10
ESM-IF,O28542,0.7,0.603030303030303,10
ESM-IF,O28542,0.6,0.6181818181818182,10
ESM-IF,O28542,0.6,0.6060606060606061,10
ESM-IF,O28542,0.6,0.6,10
ESM-IF,O28542,0.6,0.6181818181818182,10
MIF,O28542,0.5,0.5121212121212121,10
MIF,O28542,0.3,0.5060606060606061,10
MIF,O28542,0.5,0.4909090909090909,10
MIF,O28542,0.5,0.5545454545454546,10
MIF,O28542,0.5,0.503030303030303,10
MIF,O28542,0.5,0.4818181818181818,10
MIF,O28542,0.5,0.5303030303030303,10
MIF,O28542,0.3,0.5363636363636364,10
MIF-ST,O28542,0.2,0.403030303030303,10
MIF-ST,O28542,0.1,0.39090909090909093,10
MIF-ST,O28542,0.3,0.4212121212121212,10
MIF-ST,O28542,0.0,0.3484848484848485,10
MIF-ST,O28542,0.2,0.3090909090909091,10
MIF-ST,O28542,0.3,0.36666666666666664,10
MIF-ST,O28542,0.1,0.396969696969697,10
MIF-ST,O28542,0.2,0.43333333333333335,10
ProteinMPNN,O28542,0.4,0.5,10
ProteinMPNN,O28542,0.3,0.509090909090909,10
ProteinMPNN,O28542,0.3,0.47575757575757577,10
ProteinMPNN,O28542,0.3,0.5242424242424243,10
ProteinMPNN,O28542,0.3,0.5060606060606061,10
ProteinMPNN,O28542,0.3,0.4818181818181818,10
ProteinMPNN,O28542,0.3,0.5,10
ProteinMPNN,O28542,0.3,0.4909090909090909,10
SolubleCaliby,O28542,0.4,0.4393939393939394,10
SolubleCaliby,O28542,0.4,0.4484848484848485,10
SolubleCaliby,O28542,0.3,0.44545454545454544,10
SolubleCaliby,O28542,0.4,0.42727272727272725,10
SolubleCaliby,O28542,0.4,0.43333333333333335,10
SolubleCaliby,O28542,0.4,0.44242424242424244,10
SolubleCaliby,O28542,0.4,0.4666666666666667,10
SolubleCaliby,O28542,0.4,0.45151515151515154,10
SolubleMPNN,O28542,0.4,0.5212121212121212,10
SolubleMPNN,O28542,0.4,0.5484848484848485,10
SolubleMPNN,O28542,0.4,0.5151515151515151,10
SolubleMPNN,O28542,0.4,0.5393939393939394,10
SolubleMPNN,O28542,0.4,0.5454545454545454,10
SolubleMPNN,O28542,0.2,0.5303030303030303,10
SolubleMPNN,O28542,0.3,0.5363636363636364,10
SolubleMPNN,O28542,0.3,0.5151515151515151,10
Caliby,O58832,0.0,0.5073746312684366,3
Caliby,O58832,0.0,0.5221238938053098,3
Caliby,O58832,0.0,0.5162241887905604,3
Caliby,O58832,0.0,0.504424778761062,3
Caliby,O58832,0.0,0.5073746312684366,3
Caliby,O58832,0.0,0.5162241887905604,3
Caliby,O58832,0.0,0.5221238938053098,3
Caliby,O58832,0.0,0.5191740412979351,3
ESM-IF,O58832,1.0,0.7522123893805309,3
ESM-IF,O58832,1.0,0.7551622418879056,3
ESM-IF,O58832,1.0,0.7492625368731564,3
ESM-IF,O58832,1.0,0.7610619469026548,3
ESM-IF,O58832,1.0,0.7463126843657817,3
ESM-IF,O58832,1.0,0.7581120943952803,3
ESM-IF,O58832,1.0,0.7492625368731564,3
ESM-IF,O58832,1.0,0.7551622418879056,3
MIF,O58832,1.0,0.528023598820059,3
MIF,O58832,0.0,0.5545722713864307,3
MIF,O58832,1.0,0.5486725663716814,3
MIF,O58832,0.0,0.5457227138643068,3
MIF,O58832,0.6666666666666666,0.5457227138643068,3
MIF,O58832,0.0,0.5457227138643068,3
MIF,O58832,0.3333333333333333,0.5486725663716814,3
MIF,O58832,0.6666666666666666,0.5811209439528023,3
MIF-ST,O58832,0.0,0.4218289085545723,3
MIF-ST,O58832,0.0,0.3834808259587021,3
MIF-ST,O58832,0.0,0.3687315634218289,3
MIF-ST,O58832,0.0,0.3864306784660767,3
MIF-ST,O58832,0.0,0.3834808259587021,3
MIF-ST,O58832,0.0,0.3303834808259587,3
MIF-ST,O58832,0.0,0.4365781710914454,3
MIF-ST,O58832,0.3333333333333333,0.40412979351032446,3
ProteinMPNN,O58832,0.0,0.5811209439528023,3
ProteinMPNN,O58832,0.0,0.56047197640118,3
ProteinMPNN,O58832,0.0,0.6017699115044248,3
ProteinMPNN,O58832,0.0,0.5899705014749262,3
ProteinMPNN,O58832,0.0,0.5575221238938053,3
ProteinMPNN,O58832,0.0,0.5663716814159292,3
ProteinMPNN,O58832,0.0,0.584070796460177,3
ProteinMPNN,O58832,0.0,0.5899705014749262,3
SolubleCaliby,O58832,0.0,0.5221238938053098,3
SolubleCaliby,O58832,0.0,0.5309734513274337,3
SolubleCaliby,O58832,0.0,0.5014749262536873,3
SolubleCaliby,O58832,0.0,0.5221238938053098,3
SolubleCaliby,O58832,0.0,0.5191740412979351,3
SolubleCaliby,O58832,0.0,0.5014749262536873,3
SolubleCaliby,O58832,0.0,0.5250737463126843,3
SolubleCaliby,O58832,0.0,0.5457227138643068,3
SolubleMPNN,O58832,0.0,0.5368731563421829,3
SolubleMPNN,O58832,0.0,0.5457227138643068,3
SolubleMPNN,O58832,0.0,0.5781710914454278,3
SolubleMPNN,O58832,0.0,0.5870206489675516,3
SolubleMPNN,O58832,0.0,0.5575221238938053,3
SolubleMPNN,O58832,0.0,0.5899705014749262,3
SolubleMPNN,O58832,0.0,0.5663716814159292,3
SolubleMPNN,O58832,0.0,0.5929203539823009,3
Caliby,P02819,0.0,0.4,4
Caliby,P02819,0.0,0.4888888888888889,4
Caliby,P02819,0.0,0.4,4
Caliby,P02819,0.0,0.4888888888888889,4
Caliby,P02819,0.0,0.4666666666666667,4
Caliby,P02819,0.0,0.5111111111111111,4
Caliby,P02819,0.0,0.4,4
Caliby,P02819,0.0,0.5111111111111111,4
ESM-IF,P02819,0.25,0.4888888888888889,4
ESM-IF,P02819,0.25,0.4888888888888889,4
ESM-IF,P02819,0.25,0.5777777777777777,4
ESM-IF,P02819,0.25,0.4666666666666667,4
ESM-IF,P02819,0.25,0.4666666666666667,4
ESM-IF,P02819,0.25,0.4666666666666667,4
ESM-IF,P02819,0.25,0.5111111111111111,4
ESM-IF,P02819,0.25,0.5111111111111111,4
MIF,P02819,0.25,0.5111111111111111,4
MIF,P02819,0.25,0.5333333333333333,4
MIF,P02819,0.25,0.4666666666666667,4
MIF,P02819,0.25,0.5333333333333333,4
MIF,P02819,0.25,0.4666666666666667,4
MIF,P02819,0.25,0.5111111111111111,4
MIF,P02819,0.0,0.5555555555555556,4
MIF,P02819,0.25,0.4666666666666667,4
MIF-ST,P02819,0.0,0.4888888888888889,4
MIF-ST,P02819,0.0,0.4,4
MIF-ST,P02819,0.0,0.37777777777777777,4
MIF-ST,P02819,0.25,0.4888888888888889,4
MIF-ST,P02819,0.0,0.2222222222222222,4
MIF-ST,P02819,0.25,0.4444444444444444,4
MIF-ST,P02819,0.25,0.37777777777777777,4
MIF-ST,P02819,0.25,0.4666666666666667,4
ProteinMPNN,P02819,0.25,0.5111111111111111,4
ProteinMPNN,P02819,0.0,0.4888888888888889,4
ProteinMPNN,P02819,0.25,0.5111111111111111,4
ProteinMPNN,P02819,0.0,0.5111111111111111,4
ProteinMPNN,P02819,0.0,0.4888888888888889,4
ProteinMPNN,P02819,0.0,0.5111111111111111,4
ProteinMPNN,P02819,0.25,0.4666666666666667,4
ProteinMPNN,P02819,0.0,0.4444444444444444,4
SolubleCaliby,P02819,0.0,0.4666666666666667,4
SolubleCaliby,P02819,0.0,0.4444444444444444,4
SolubleCaliby,P02819,0.0,0.4444444444444444,4
SolubleCaliby,P02819,0.0,0.4666666666666667,4
SolubleCaliby,P02819,0.0,0.5111111111111111,4
SolubleCaliby,P02819,0.0,0.37777777777777777,4
SolubleCaliby,P02819,0.0,0.4666666666666667,4
SolubleCaliby,P02819,0.0,0.4666666666666667,4
SolubleMPNN,P02819,0.25,0.4888888888888889,4
SolubleMPNN,P02819,0.5,0.4888888888888889,4
SolubleMPNN,P02819,0.25,0.5333333333333333,4
SolubleMPNN,P02819,0.25,0.6,4
SolubleMPNN,P02819,0.75,0.5111111111111111,4
SolubleMPNN,P02819,0.5,0.5333333333333333,4
SolubleMPNN,P02819,0.5,0.4888888888888889,4
SolubleMPNN,P02819,0.25,0.4888888888888889,4
Caliby,P80505,0.4,0.4503105590062112,15
Caliby,P80505,0.26666666666666666,0.43788819875776397,15
Caliby,P80505,0.4,0.453416149068323,15
Caliby,P80505,0.3333333333333333,0.4472049689440994,15
Caliby,P80505,0.4,0.4503105590062112,15
Caliby,P80505,0.4,0.4503105590062112,15
Caliby,P80505,0.4,0.4472049689440994,15
Caliby,P80505,0.3333333333333333,0.4503105590062112,15
ESM-IF,P80505,0.5333333333333333,0.65527950310559,15
ESM-IF,P80505,0.5333333333333333,0.6614906832298136,15
ESM-IF,P80505,0.5333333333333333,0.6708074534161491,15
ESM-IF,P80505,0.5333333333333333,0.65527950310559,15
ESM-IF,P80505,0.5333333333333333,0.6708074534161491,15
ESM-IF,P80505,0.5333333333333333,0.6335403726708074,15
ESM-IF,P80505,0.4666666666666667,0.6614906832298136,15
ESM-IF,P80505,0.5333333333333333,0.6708074534161491,15
MIF,P80505,0.3333333333333333,0.5186335403726708,15
MIF,P80505,0.4666666666666667,0.5124223602484472,15
MIF,P80505,0.3333333333333333,0.5279503105590062,15
MIF,P80505,0.4666666666666667,0.531055900621118,15
MIF,P80505,0.4666666666666667,0.5217391304347826,15
MIF,P80505,0.4666666666666667,0.515527950310559,15
MIF,P80505,0.4,0.5186335403726708,15
MIF,P80505,0.4666666666666667,0.5434782608695652,15
MIF-ST,P80505,0.3333333333333333,0.32919254658385094,15
MIF-ST,P80505,0.13333333333333333,0.38819875776397517,15
MIF-ST,P80505,0.26666666666666666,0.37577639751552794,15
MIF-ST,P80505,0.26666666666666666,0.35714285714285715,15
MIF-ST,P80505,0.2,0.35714285714285715,15
MIF-ST,P80505,0.13333333333333333,0.37267080745341613,15
MIF-ST,P80505,0.2,0.3385093167701863,15
MIF-ST,P80505,0.26666666666666666,0.3385093167701863,15
ProteinMPNN,P80505,0.3333333333333333,0.5372670807453416,15
ProteinMPNN,P80505,0.3333333333333333,0.4937888198757764,15
ProteinMPNN,P80505,0.3333333333333333,0.5124223602484472,15
ProteinMPNN,P80505,0.4,0.5279503105590062,15
ProteinMPNN,P80505,0.4,0.5124223602484472,15
ProteinMPNN,P80505,0.3333333333333333,0.5093167701863354,15
ProteinMPNN,P80505,0.4,0.5248447204968945,15
ProteinMPNN,P80505,0.26666666666666666,0.5248447204968945,15
SolubleCaliby,P80505,0.3333333333333333,0.43478260869565216,15
SolubleCaliby,P80505,0.2,0.4409937888198758,15
SolubleCaliby,P80505,0.3333333333333333,0.4472049689440994,15
SolubleCaliby,P80505,0.26666666666666666,0.453416149068323,15
SolubleCaliby,P80505,0.26666666666666666,0.45652173913043476,15
SolubleCaliby,P80505,0.26666666666666666,0.4440993788819876,15
SolubleCaliby,P80505,0.2,0.4472049689440994,15
SolubleCaliby,P80505,0.2,0.4409937888198758,15
SolubleMPNN,P80505,0.4666666666666667,0.5031055900621118,15
SolubleMPNN,P80505,0.4,0.5124223602484472,15
SolubleMPNN,P80505,0.4666666666666667,0.5031055900621118,15
SolubleMPNN,P80505,0.3333333333333333,0.5093167701863354,15
SolubleMPNN,P80505,0.3333333333333333,0.5124223602484472,15
SolubleMPNN,P80505,0.13333333333333333,0.5093167701863354,15
SolubleMPNN,P80505,0.3333333333333333,0.4782608695652174,15
SolubleMPNN,P80505,0.3333333333333333,0.5,15
Caliby,Q07938,0.0,0.40307692307692305,12
Caliby,Q07938,0.0,0.39076923076923076,12
Caliby,Q07938,0.0,0.40615384615384614,12
Caliby,Q07938,0.0,0.39692307692307693,12
Caliby,Q07938,0.0,0.40615384615384614,12
Caliby,Q07938,0.0,0.36615384615384616,12
Caliby,Q07938,0.0,0.40615384615384614,12
Caliby,Q07938,0.0,0.4153846153846154,12
ESM-IF,Q07938,0.75,0.6307692307692307,12
ESM-IF,Q07938,0.75,0.6215384615384615,12
ESM-IF,Q07938,0.75,0.6123076923076923,12
ESM-IF,Q07938,0.6666666666666666,0.6276923076923077,12
ESM-IF,Q07938,0.75,0.6184615384615385,12
ESM-IF,Q07938,0.75,0.6184615384615385,12
ESM-IF,Q07938,0.8333333333333334,0.6276923076923077,12
ESM-IF,Q07938,0.75,0.6123076923076923,12
MIF,Q07938,0.0,0.4492307692307692,12
MIF,Q07938,0.08333333333333333,0.46153846153846156,12
MIF,Q07938,0.0,0.4430769230769231,12
MIF,Q07938,0.08333333333333333,0.4461538461538462,12
MIF,Q07938,0.25,0.47384615384615386,12
MIF,Q07938,0.16666666666666666,0.4307692307692308,12
MIF,Q07938,0.0,0.47384615384615386,12
MIF,Q07938,0.0,0.4523076923076923,12
MIF-ST,Q07938,0.0,0.23384615384615384,12
MIF-ST,Q07938,0.08333333333333333,0.3384615384615385,12
MIF-ST,Q07938,0.0,0.30153846153846153,12
MIF-ST,Q07938,0.0,0.28307692307692306,12
MIF-ST,Q07938,0.0,0.25846153846153846,12
MIF-ST,Q07938,0.08333333333333333,0.2523076923076923,12
MIF-ST,Q07938,0.0,0.3169230769230769,12
MIF-ST,Q07938,0.08333333333333333,0.23692307692307693,12
ProteinMPNN,Q07938,0.25,0.4707692307692308,12
ProteinMPNN,Q07938,0.3333333333333333,0.4553846153846154,12
ProteinMPNN,Q07938,0.16666666666666666,0.4523076923076923,12
ProteinMPNN,Q07938,0.16666666666666666,0.4646153846153846,12
ProteinMPNN,Q07938,0.3333333333333333,0.4646153846153846,12
ProteinMPNN,Q07938,0.25,0.4646153846153846,12
ProteinMPNN,Q07938,0.25,0.4430769230769231,12
ProteinMPNN,Q07938,0.25,0.4430769230769231,12
SolubleCaliby,Q07938,0.0,0.36,12
SolubleCaliby,Q07938,0.0,0.37538461538461537,12
SolubleCaliby,Q07938,0.0,0.3446153846153846,12
SolubleCaliby,Q07938,0.0,0.36923076923076925,12
SolubleCaliby,Q07938,0.0,0.36923076923076925,12
SolubleCaliby,Q07938,0.0,0.3723076923076923,12
SolubleCaliby,Q07938,0.08333333333333333,0.3723076923076923,12
SolubleCaliby,Q07938,0.0,0.39076923076923076,12
SolubleMPNN,Q07938,0.08333333333333333,0.48307692307692307,12
SolubleMPNN,Q07938,0.16666666666666666,0.4523076923076923,12
SolubleMPNN,Q07938,0.08333333333333333,0.47384615384615386,12
SolubleMPNN,Q07938,0.25,0.4584615384615385,12
SolubleMPNN,Q07938,0.08333333333333333,0.4461538461538462,12
SolubleMPNN,Q07938,0.08333333333333333,0.4523076923076923,12
SolubleMPNN,Q07938,0.08333333333333333,0.4430769230769231,12
SolubleMPNN,Q07938,0.16666666666666666,0.4646153846153846,12
Caliby,Q4R312,1.0,0.34615384615384615,4
Caliby,Q4R312,1.0,0.3333333333333333,4
Caliby,Q4R312,1.0,0.3333333333333333,4
Caliby,Q4R312,1.0,0.32051282051282054,4
Caliby,Q4R312,1.0,0.3333333333333333,4
Caliby,Q4R312,1.0,0.32051282051282054,4
Caliby,Q4R312,1.0,0.3333333333333333,4
Caliby,Q4R312,1.0,0.28205128205128205,4
ESM-IF,Q4R312,1.0,0.47435897435897434,4
ESM-IF,Q4R312,1.0,0.47435897435897434,4
ESM-IF,Q4R312,1.0,0.48717948717948717,4
ESM-IF,Q4R312,1.0,0.47435897435897434,4
ESM-IF,Q4R312,1.0,0.4230769230769231,4
ESM-IF,Q4R312,1.0,0.4230769230769231,4
ESM-IF,Q4R312,1.0,0.4358974358974359,4
ESM-IF,Q4R312,1.0,0.5,4
MIF,Q4R312,1.0,0.3333333333333333,4
MIF,Q4R312,1.0,0.3076923076923077,4
MIF,Q4R312,1.0,0.358974358974359,4
MIF,Q4R312,1.0,0.3076923076923077,4
MIF,Q4R312,1.0,0.3333333333333333,4
MIF,Q4R312,1.0,0.3717948717948718,4
MIF,Q4R312,1.0,0.34615384615384615,4
MIF,Q4R312,1.0,0.3076923076923077,4
MIF-ST,Q4R312,0.5,0.3076923076923077,4
MIF-ST,Q4R312,0.5,0.21794871794871795,4
MIF-ST,Q4R312,0.0,0.34615384615384615,4
MIF-ST,Q4R312,0.25,0.2692307692307692,4
MIF-ST,Q4R312,0.5,0.32051282051282054,4
MIF-ST,Q4R312,0.5,0.358974358974359,4
MIF-ST,Q4R312,0.0,0.3076923076923077,4
MIF-ST,Q4R312,0.75,0.3717948717948718,4
ProteinMPNN,Q4R312,1.0,0.358974358974359,4
ProteinMPNN,Q4R312,1.0,0.3717948717948718,4
ProteinMPNN,Q4R312,1.0,0.41025641025641024,4
ProteinMPNN,Q4R312,1.0,0.38461538461538464,4
ProteinMPNN,Q4R312,1.0,0.3333333333333333,4
ProteinMPNN,Q4R312,1.0,0.32051282051282054,4
ProteinMPNN,Q4R312,1.0,0.38461538461538464,4
ProteinMPNN,Q4R312,1.0,0.358974358974359,4
SolubleCaliby,Q4R312,1.0,0.3076923076923077,4
SolubleCaliby,Q4R312,1.0,0.3717948717948718,4
SolubleCaliby,Q4R312,1.0,0.28205128205128205,4
SolubleCaliby,Q4R312,1.0,0.2692307692307692,4
SolubleCaliby,Q4R312,1.0,0.28205128205128205,4
SolubleCaliby,Q4R312,1.0,0.358974358974359,4
SolubleCaliby,Q4R312,1.0,0.34615384615384615,4
SolubleCaliby,Q4R312,1.0,0.358974358974359,4
SolubleMPNN,Q4R312,1.0,0.41025641025641024,4
SolubleMPNN,Q4R312,1.0,0.38461538461538464,4
SolubleMPNN,Q4R312,1.0,0.3717948717948718,4
SolubleMPNN,Q4R312,1.0,0.3974358974358974,4
SolubleMPNN,Q4R312,1.0,0.358974358974359,4
SolubleMPNN,Q4R312,1.0,0.3974358974358974,4
SolubleMPNN,Q4R312,1.0,0.3717948717948718,4
SolubleMPNN,Q4R312,1.0,0.3717948717948718,4
Caliby,Q54FJ9,0.375,0.4219858156028369,24
Caliby,Q54FJ9,0.3333333333333333,0.44680851063829785,24
Caliby,Q54FJ9,0.3333333333333333,0.43617021276595747,24
Caliby,Q54FJ9,0.3333333333333333,0.41134751773049644,24
Caliby,Q54FJ9,0.4166666666666667,0.4326241134751773,24
Caliby,Q54FJ9,0.4166666666666667,0.42907801418439717,24
Caliby,Q54FJ9,0.4166666666666667,0.39361702127659576,24
Caliby,Q54FJ9,0.3333333333333333,0.4219858156028369,24
ESM-IF,Q54FJ9,0.7916666666666666,0.6879432624113475,24
ESM-IF,Q54FJ9,0.75,0.6808510638297872,24
ESM-IF,Q54FJ9,0.75,0.6985815602836879,24
ESM-IF,Q54FJ9,0.75,0.6950354609929078,24
ESM-IF,Q54FJ9,0.625,0.6773049645390071,24
ESM-IF,Q54FJ9,0.75,0.6702127659574468,24
ESM-IF,Q54FJ9,0.7916666666666666,0.6843971631205674,24
ESM-IF,Q54FJ9,0.75,0.6879432624113475,24
MIF,Q54FJ9,0.5,0.49645390070921985,24
MIF,Q54FJ9,0.4166666666666667,0.49645390070921985,24
MIF,Q54FJ9,0.5833333333333334,0.5070921985815603,24
MIF,Q54FJ9,0.4583333333333333,0.48936170212765956,24
MIF,Q54FJ9,0.5,0.5070921985815603,24
MIF,Q54FJ9,0.5416666666666666,0.48226950354609927,24
MIF,Q54FJ9,0.4583333333333333,0.475177304964539,24
MIF,Q54FJ9,0.5416666666666666,0.5106382978723404,24
MIF-ST,Q54FJ9,0.3333333333333333,0.36879432624113473,24
MIF-ST,Q54FJ9,0.2916666666666667,0.3404255319148936,24
MIF-ST,Q54FJ9,0.4583333333333333,0.39361702127659576,24
MIF-ST,Q54FJ9,0.3333333333333333,0.3475177304964539,24
MIF-ST,Q54FJ9,0.2916666666666667,0.35815602836879434,24
MIF-ST,Q54FJ9,0.2916666666666667,0.34397163120567376,24
MIF-ST,Q54FJ9,0.16666666666666666,0.30851063829787234,24
MIF-ST,Q54FJ9,0.2916666666666667,0.3404255319148936,24
ProteinMPNN,Q54FJ9,0.5,0.4574468085106383,24
ProteinMPNN,Q54FJ9,0.5,0.4432624113475177,24
ProteinMPNN,Q54FJ9,0.5,0.4716312056737589,24
ProteinMPNN,Q54FJ9,0.5,0.4858156028368794,24
ProteinMPNN,Q54FJ9,0.5416666666666666,0.4858156028368794,24
ProteinMPNN,Q54FJ9,0.5416666666666666,0.475177304964539,24
ProteinMPNN,Q54FJ9,0.5416666666666666,0.4432624113475177,24
ProteinMPNN,Q54FJ9,0.5,0.4574468085106383,24
SolubleCaliby,Q54FJ9,0.4166666666666667,0.41843971631205673,24
SolubleCaliby,Q54FJ9,0.3333333333333333,0.4326241134751773,24
SolubleCaliby,Q54FJ9,0.4166666666666667,0.42907801418439717,24
SolubleCaliby,Q54FJ9,0.375,0.40425531914893614,24
SolubleCaliby,Q54FJ9,0.3333333333333333,0.41843971631205673,24
SolubleCaliby,Q54FJ9,0.4583333333333333,0.4326241134751773,24
SolubleCaliby,Q54FJ9,0.4583333333333333,0.425531914893617,24
SolubleCaliby,Q54FJ9,0.3333333333333333,0.4148936170212766,24
SolubleMPNN,Q54FJ9,0.5,0.49645390070921985,24
SolubleMPNN,Q54FJ9,0.5,0.5,24
SolubleMPNN,Q54FJ9,0.5416666666666666,0.4574468085106383,24
SolubleMPNN,Q54FJ9,0.4583333333333333,0.48936170212765956,24
SolubleMPNN,Q54FJ9,0.5,0.48226950354609927,24
SolubleMPNN,Q54FJ9,0.5,0.475177304964539,24
SolubleMPNN,Q54FJ9,0.5416666666666666,0.5035460992907801,24
SolubleMPNN,Q54FJ9,0.5,0.5106382978723404,24
Caliby,Q54JL0,0.3103448275862069,0.4056291390728477,29
Caliby,Q54JL0,0.27586206896551724,0.3923841059602649,29
Caliby,Q54JL0,0.41379310344827586,0.38576158940397354,29
Caliby,Q54JL0,0.3793103448275862,0.3923841059602649,29
Caliby,Q54JL0,0.41379310344827586,0.3675496688741722,29
Caliby,Q54JL0,0.41379310344827586,0.39403973509933776,29
Caliby,Q54JL0,0.41379310344827586,0.3890728476821192,29
Caliby,Q54JL0,0.41379310344827586,0.38741721854304634,29
ESM-IF,Q54JL0,0.4827586206896552,0.5397350993377483,29
ESM-IF,Q54JL0,0.5172413793103449,0.5397350993377483,29
ESM-IF,Q54JL0,0.5517241379310345,0.5281456953642384,29
ESM-IF,Q54JL0,0.5172413793103449,0.5331125827814569,29
ESM-IF,Q54JL0,0.5517241379310345,0.5298013245033113,29
ESM-IF,Q54JL0,0.5517241379310345,0.5264900662251656,29
ESM-IF,Q54JL0,0.5517241379310345,0.5347682119205298,29
ESM-IF,Q54JL0,0.5172413793103449,0.5463576158940397,29
MIF,Q54JL0,0.41379310344827586,0.4139072847682119,29
MIF,Q54JL0,0.4827586206896552,0.41887417218543044,29
MIF,Q54JL0,0.41379310344827586,0.43543046357615894,29
MIF,Q54JL0,0.4827586206896552,0.4337748344370861,29
MIF,Q54JL0,0.4482758620689655,0.42218543046357615,29
MIF,Q54JL0,0.4827586206896552,0.4056291390728477,29
MIF,Q54JL0,0.4827586206896552,0.3990066225165563,29
MIF,Q54JL0,0.41379310344827586,0.43211920529801323,29
MIF-ST,Q54JL0,0.2413793103448276,0.2682119205298013,29
MIF-ST,Q54JL0,0.1724137931034483,0.26655629139072845,29
MIF-ST,Q54JL0,0.3103448275862069,0.3294701986754967,29
MIF-ST,Q54JL0,0.20689655172413793,0.32450331125827814,29
MIF-ST,Q54JL0,0.20689655172413793,0.2897350993377483,29
MIF-ST,Q54JL0,0.2413793103448276,0.28311258278145696,29
MIF-ST,Q54JL0,0.2413793103448276,0.3228476821192053,29
MIF-ST,Q54JL0,0.2413793103448276,0.28311258278145696,29
ProteinMPNN,Q54JL0,0.5172413793103449,0.41721854304635764,29
ProteinMPNN,Q54JL0,0.4827586206896552,0.4470198675496689,29
ProteinMPNN,Q54JL0,0.3793103448275862,0.43543046357615894,29
ProteinMPNN,Q54JL0,0.4827586206896552,0.45364238410596025,29
ProteinMPNN,Q54JL0,0.3793103448275862,0.4503311258278146,29
ProteinMPNN,Q54JL0,0.4482758620689655,0.445364238410596,29
ProteinMPNN,Q54JL0,0.41379310344827586,0.4586092715231788,29
ProteinMPNN,Q54JL0,0.4827586206896552,0.45364238410596025,29
SolubleCaliby,Q54JL0,0.3448275862068966,0.3923841059602649,29
SolubleCaliby,Q54JL0,0.41379310344827586,0.3841059602649007,29
SolubleCaliby,Q54JL0,0.3448275862068966,0.3675496688741722,29
SolubleCaliby,Q54JL0,0.3448275862068966,0.38576158940397354,29
SolubleCaliby,Q54JL0,0.3793103448275862,0.3791390728476821,29
SolubleCaliby,Q54JL0,0.3793103448275862,0.3758278145695364,29
SolubleCaliby,Q54JL0,0.3448275862068966,0.37748344370860926,29
SolubleCaliby,Q54JL0,0.3448275862068966,0.39072847682119205,29
SolubleMPNN,Q54JL0,0.4827586206896552,0.4304635761589404,29
SolubleMPNN,Q54JL0,0.4482758620689655,0.4602649006622517,29
SolubleMPNN,Q54JL0,0.41379310344827586,0.4470198675496689,29
SolubleMPNN,Q54JL0,0.4827586206896552,0.46192052980132453,29
SolubleMPNN,Q54JL0,0.41379310344827586,0.4420529801324503,29
SolubleMPNN,Q54JL0,0.4482758620689655,0.4420529801324503,29
SolubleMPNN,Q54JL0,0.4827586206896552,0.43543046357615894,29
SolubleMPNN,Q54JL0,0.4482758620689655,0.4519867549668874,29
Caliby,Q6DIY2,0.75,0.37714285714285717,4
Caliby,Q6DIY2,0.75,0.4057142857142857,4
Caliby,Q6DIY2,0.75,0.42857142857142855,4
Caliby,Q6DIY2,0.75,0.37714285714285717,4
Caliby,Q6DIY2,0.75,0.4114285714285714,4
Caliby,Q6DIY2,0.75,0.4114285714285714,4
Caliby,Q6DIY2,0.75,0.38857142857142857,4
Caliby,Q6DIY2,0.75,0.4114285714285714,4
ESM-IF,Q6DIY2,1.0,0.6342857142857142,4
ESM-IF,Q6DIY2,1.0,0.6342857142857142,4
ESM-IF,Q6DIY2,1.0,0.6514285714285715,4
ESM-IF,Q6DIY2,1.0,0.6685714285714286,4
ESM-IF,Q6DIY2,1.0,0.6457142857142857,4
ESM-IF,Q6DIY2,1.0,0.6342857142857142,4
ESM-IF,Q6DIY2,1.0,0.6342857142857142,4
ESM-IF,Q6DIY2,1.0,0.64,4
MIF,Q6DIY2,0.75,0.44,4
MIF,Q6DIY2,0.5,0.4228571428571429,4
MIF,Q6DIY2,0.75,0.42857142857142855,4
MIF,Q6DIY2,1.0,0.4514285714285714,4
MIF,Q6DIY2,0.5,0.4857142857142857,4
MIF,Q6DIY2,0.75,0.49142857142857144,4
MIF,Q6DIY2,0.75,0.49714285714285716,4
MIF,Q6DIY2,0.75,0.48,4
MIF-ST,Q6DIY2,0.0,0.32571428571428573,4
MIF-ST,Q6DIY2,0.25,0.33714285714285713,4
MIF-ST,Q6DIY2,0.25,0.3942857142857143,4
MIF-ST,Q6DIY2,0.0,0.29714285714285715,4
MIF-ST,Q6DIY2,0.5,0.3142857142857143,4
MIF-ST,Q6DIY2,0.0,0.35428571428571426,4
MIF-ST,Q6DIY2,0.0,0.2914285714285714,4
MIF-ST,Q6DIY2,0.0,0.28,4
ProteinMPNN,Q6DIY2,1.0,0.4742857142857143,4
ProteinMPNN,Q6DIY2,0.75,0.4685714285714286,4
ProteinMPNN,Q6DIY2,0.75,0.4057142857142857,4
ProteinMPNN,Q6DIY2,0.75,0.41714285714285715,4
ProteinMPNN,Q6DIY2,0.75,0.44571428571428573,4
ProteinMPNN,Q6DIY2,0.75,0.4228571428571429,4
ProteinMPNN,Q6DIY2,0.75,0.42857142857142855,4
ProteinMPNN,Q6DIY2,0.75,0.4,4
SolubleCaliby,Q6DIY2,0.75,0.41714285714285715,4
SolubleCaliby,Q6DIY2,0.75,0.42857142857142855,4
SolubleCaliby,Q6DIY2,0.75,0.38857142857142857,4
SolubleCaliby,Q6DIY2,0.75,0.4342857142857143,4
SolubleCaliby,Q6DIY2,0.75,0.4,4
SolubleCaliby,Q6DIY2,0.75,0.41714285714285715,4
SolubleCaliby,Q6DIY2,0.75,0.4057142857142857,4
SolubleCaliby,Q6DIY2,0.75,0.41714285714285715,4
SolubleMPNN,Q6DIY2,0.75,0.44571428571428573,4
SolubleMPNN,Q6DIY2,0.75,0.4685714285714286,4
SolubleMPNN,Q6DIY2,1.0,0.48,4
SolubleMPNN,Q6DIY2,0.75,0.46285714285714286,4
SolubleMPNN,Q6DIY2,1.0,0.4742857142857143,4
SolubleMPNN,Q6DIY2,1.0,0.45714285714285713,4
SolubleMPNN,Q6DIY2,1.0,0.4742857142857143,4
SolubleMPNN,Q6DIY2,1.0,0.44,4
Caliby,Q6L047,0.11764705882352941,0.391812865497076,17
Caliby,Q6L047,0.11764705882352941,0.39766081871345027,17
Caliby,Q6L047,0.11764705882352941,0.4093567251461988,17
Caliby,Q6L047,0.11764705882352941,0.41228070175438597,17
Caliby,Q6L047,0.11764705882352941,0.4269005847953216,17
Caliby,Q6L047,0.11764705882352941,0.39473684210526316,17
Caliby,Q6L047,0.11764705882352941,0.4093567251461988,17
Caliby,Q6L047,0.17647058823529413,0.39473684210526316,17
ESM-IF,Q6L047,0.5882352941176471,0.6988304093567251,17
ESM-IF,Q6L047,0.5882352941176471,0.695906432748538,17
ESM-IF,Q6L047,0.5882352941176471,0.6900584795321637,17
ESM-IF,Q6L047,0.5882352941176471,0.6900584795321637,17
ESM-IF,Q6L047,0.5882352941176471,0.6754385964912281,17
ESM-IF,Q6L047,0.5294117647058824,0.6871345029239766,17
ESM-IF,Q6L047,0.5882352941176471,0.6754385964912281,17
ESM-IF,Q6L047,0.5882352941176471,0.6842105263157895,17
MIF,Q6L047,0.35294117647058826,0.5467836257309941,17
MIF,Q6L047,0.47058823529411764,0.49707602339181284,17
MIF,Q6L047,0.29411764705882354,0.49122807017543857,17
MIF,Q6L047,0.29411764705882354,0.5,17
MIF,Q6L047,0.29411764705882354,0.5058479532163743,17
MIF,Q6L047,0.35294117647058826,0.48830409356725146,17
MIF,Q6L047,0.35294117647058826,0.5233918128654971,17
MIF,Q6L047,0.23529411764705882,0.5058479532163743,17
MIF-ST,Q6L047,0.11764705882352941,0.32748538011695905,17
MIF-ST,Q6L047,0.23529411764705882,0.3888888888888889,17
MIF-ST,Q6L047,0.17647058823529413,0.3567251461988304,17
MIF-ST,Q6L047,0.058823529411764705,0.3508771929824561,17
MIF-ST,Q6L047,0.058823529411764705,0.3157894736842105,17
MIF-ST,Q6L047,0.23529411764705882,0.3362573099415205,17
MIF-ST,Q6L047,0.058823529411764705,0.347953216374269,17
MIF-ST,Q6L047,0.058823529411764705,0.3304093567251462,17
ProteinMPNN,Q6L047,0.29411764705882354,0.5233918128654971,17
ProteinMPNN,Q6L047,0.35294117647058826,0.5058479532163743,17
ProteinMPNN,Q6L047,0.29411764705882354,0.5233918128654971,17
ProteinMPNN,Q6L047,0.29411764705882354,0.5233918128654971,17
ProteinMPNN,Q6L047,0.23529411764705882,0.5526315789473685,17
ProteinMPNN,Q6L047,0.29411764705882354,0.5292397660818714,17
ProteinMPNN,Q6L047,0.29411764705882354,0.5233918128654971,17
ProteinMPNN,Q6L047,0.23529411764705882,0.5292397660818714,17
SolubleCaliby,Q6L047,0.17647058823529413,0.4444444444444444,17
SolubleCaliby,Q6L047,0.11764705882352941,0.4152046783625731,17
SolubleCaliby,Q6L047,0.11764705882352941,0.4239766081871345,17
SolubleCaliby,Q6L047,0.17647058823529413,0.43859649122807015,17
SolubleCaliby,Q6L047,0.17647058823529413,0.41228070175438597,17
SolubleCaliby,Q6L047,0.17647058823529413,0.4298245614035088,17
SolubleCaliby,Q6L047,0.11764705882352941,0.4269005847953216,17
SolubleCaliby,Q6L047,0.11764705882352941,0.42105263157894735,17
SolubleMPNN,Q6L047,0.4117647058823529,0.5263157894736842,17
SolubleMPNN,Q6L047,0.35294117647058826,0.5175438596491229,17
SolubleMPNN,Q6L047,0.35294117647058826,0.52046783625731,17
SolubleMPNN,Q6L047,0.29411764705882354,0.5321637426900585,17
SolubleMPNN,Q6L047,0.35294117647058826,0.5350877192982456,17
SolubleMPNN,Q6L047,0.35294117647058826,0.5058479532163743,17
SolubleMPNN,Q6L047,0.35294117647058826,0.5292397660818714,17
SolubleMPNN,Q6L047,0.35294117647058826,0.5233918128654971,17
Caliby,Q8DLT5,0.34782608695652173,0.42018779342723006,23
Caliby,Q8DLT5,0.391304347826087,0.43427230046948356,23
Caliby,Q8DLT5,0.391304347826087,0.4413145539906103,23
Caliby,Q8DLT5,0.391304347826087,0.4507042253521127,23
Caliby,Q8DLT5,0.34782608695652173,0.431924882629108,23
Caliby,Q8DLT5,0.34782608695652173,0.4460093896713615,23
Caliby,Q8DLT5,0.391304347826087,0.4413145539906103,23
Caliby,Q8DLT5,0.391304347826087,0.431924882629108,23
ESM-IF,Q8DLT5,0.782608695652174,0.6244131455399061,23
ESM-IF,Q8DLT5,0.782608695652174,0.6244131455399061,23
ESM-IF,Q8DLT5,0.782608695652174,0.6220657276995305,23
ESM-IF,Q8DLT5,0.782608695652174,0.6220657276995305,23
ESM-IF,Q8DLT5,0.782608695652174,0.6267605633802817,23
ESM-IF,Q8DLT5,0.782608695652174,0.6291079812206573,23
ESM-IF,Q8DLT5,0.782608695652174,0.6150234741784038,23
ESM-IF,Q8DLT5,0.782608695652174,0.6244131455399061,23
MIF,Q8DLT5,0.5217391304347826,0.528169014084507,23
MIF,Q8DLT5,0.5652173913043478,0.5727699530516432,23
MIF,Q8DLT5,0.4782608695652174,0.5704225352112676,23
MIF,Q8DLT5,0.6521739130434783,0.5516431924882629,23
MIF,Q8DLT5,0.5217391304347826,0.539906103286385,23
MIF,Q8DLT5,0.5652173913043478,0.539906103286385,23
MIF,Q8DLT5,0.5217391304347826,0.5305164319248826,23
MIF,Q8DLT5,0.4782608695652174,0.5258215962441315,23
MIF-ST,Q8DLT5,0.17391304347826086,0.3474178403755869,23
MIF-ST,Q8DLT5,0.17391304347826086,0.33098591549295775,23
MIF-ST,Q8DLT5,0.17391304347826086,0.284037558685446,23
MIF-ST,Q8DLT5,0.08695652173913043,0.31220657276995306,23
MIF-ST,Q8DLT5,0.2608695652173913,0.3403755868544601,23
MIF-ST,Q8DLT5,0.30434782608695654,0.3544600938967136,23
MIF-ST,Q8DLT5,0.13043478260869565,0.3051643192488263,23
MIF-ST,Q8DLT5,0.17391304347826086,0.3145539906103286,23
ProteinMPNN,Q8DLT5,0.43478260869565216,0.48826291079812206,23
ProteinMPNN,Q8DLT5,0.391304347826087,0.48826291079812206,23
ProteinMPNN,Q8DLT5,0.5217391304347826,0.5140845070422535,23
ProteinMPNN,Q8DLT5,0.4782608695652174,0.49061032863849763,23
ProteinMPNN,Q8DLT5,0.391304347826087,0.5117370892018779,23
ProteinMPNN,Q8DLT5,0.391304347826087,0.49061032863849763,23
ProteinMPNN,Q8DLT5,0.391304347826087,0.49295774647887325,23
ProteinMPNN,Q8DLT5,0.43478260869565216,0.5,23
SolubleCaliby,Q8DLT5,0.5217391304347826,0.44835680751173707,23
SolubleCaliby,Q8DLT5,0.4782608695652174,0.43661971830985913,23
SolubleCaliby,Q8DLT5,0.4782608695652174,0.4624413145539906,23
SolubleCaliby,Q8DLT5,0.43478260869565216,0.4460093896713615,23
SolubleCaliby,Q8DLT5,0.391304347826087,0.45305164319248825,23
SolubleCaliby,Q8DLT5,0.4782608695652174,0.45305164319248825,23
SolubleCaliby,Q8DLT5,0.43478260869565216,0.45539906103286387,23
SolubleCaliby,Q8DLT5,0.43478260869565216,0.45305164319248825,23
SolubleMPNN,Q8DLT5,0.34782608695652173,0.4953051643192488,23
SolubleMPNN,Q8DLT5,0.391304347826087,0.4953051643192488,23
SolubleMPNN,Q8DLT5,0.34782608695652173,0.4953051643192488,23
SolubleMPNN,Q8DLT5,0.4782608695652174,0.4835680751173709,23
SolubleMPNN,Q8DLT5,0.4782608695652174,0.5140845070422535,23
SolubleMPNN,Q8DLT5,0.43478260869565216,0.4859154929577465,23
SolubleMPNN,Q8DLT5,0.30434782608695654,0.5,23
SolubleMPNN,Q8DLT5,0.43478260869565216,0.49295774647887325,23
Caliby,Q8TY15,0.6363636363636364,0.5228571428571429,11
Caliby,Q8TY15,0.6363636363636364,0.5114285714285715,11
Caliby,Q8TY15,0.6363636363636364,0.5114285714285715,11
Caliby,Q8TY15,0.6363636363636364,0.5257142857142857,11
Caliby,Q8TY15,0.6363636363636364,0.4942857142857143,11
Caliby,Q8TY15,0.5454545454545454,0.5314285714285715,11
Caliby,Q8TY15,0.6363636363636364,0.5085714285714286,11
Caliby,Q8TY15,0.5454545454545454,0.5257142857142857,11
ESM-IF,Q8TY15,0.5454545454545454,0.7057142857142857,11
ESM-IF,Q8TY15,0.5454545454545454,0.6971428571428572,11
ESM-IF,Q8TY15,0.6363636363636364,0.7085714285714285,11
ESM-IF,Q8TY15,0.5454545454545454,0.7142857142857143,11
ESM-IF,Q8TY15,0.5454545454545454,0.72,11
ESM-IF,Q8TY15,0.5454545454545454,0.7085714285714285,11
ESM-IF,Q8TY15,0.5454545454545454,0.7171428571428572,11
ESM-IF,Q8TY15,0.5454545454545454,0.7228571428571429,11
MIF,Q8TY15,0.5454545454545454,0.5657142857142857,11
MIF,Q8TY15,0.5454545454545454,0.5285714285714286,11
MIF,Q8TY15,0.6363636363636364,0.5514285714285714,11
MIF,Q8TY15,0.5454545454545454,0.5571428571428572,11
MIF,Q8TY15,0.45454545454545453,0.56,11
MIF,Q8TY15,0.5454545454545454,0.5685714285714286,11
MIF,Q8TY15,0.36363636363636365,0.56,11
MIF,Q8TY15,0.6363636363636364,0.5857142857142857,11
MIF-ST,Q8TY15,0.18181818181818182,0.38285714285714284,11
MIF-ST,Q8TY15,0.18181818181818182,0.38,11
MIF-ST,Q8TY15,0.18181818181818182,0.35428571428571426,11
MIF-ST,Q8TY15,0.2727272727272727,0.38857142857142857,11
MIF-ST,Q8TY15,0.36363636363636365,0.38571428571428573,11
MIF-ST,Q8TY15,0.36363636363636365,0.38285714285714284,11
MIF-ST,Q8TY15,0.18181818181818182,0.3628571428571429,11
MIF-ST,Q8TY15,0.2727272727272727,0.42,11
ProteinMPNN,Q8TY15,0.6363636363636364,0.5371428571428571,11
ProteinMPNN,Q8TY15,0.7272727272727273,0.5342857142857143,11
ProteinMPNN,Q8TY15,0.5454545454545454,0.5257142857142857,11
ProteinMPNN,Q8TY15,0.5454545454545454,0.5514285714285714,11
ProteinMPNN,Q8TY15,0.7272727272727273,0.5542857142857143,11
ProteinMPNN,Q8TY15,0.6363636363636364,0.5371428571428571,11
ProteinMPNN,Q8TY15,0.7272727272727273,0.5457142857142857,11
ProteinMPNN,Q8TY15,0.6363636363636364,0.5342857142857143,11
SolubleCaliby,Q8TY15,0.45454545454545453,0.4828571428571429,11
SolubleCaliby,Q8TY15,0.45454545454545453,0.5171428571428571,11
SolubleCaliby,Q8TY15,0.45454545454545453,0.5114285714285715,11
SolubleCaliby,Q8TY15,0.45454545454545453,0.5028571428571429,11
SolubleCaliby,Q8TY15,0.45454545454545453,0.5228571428571429,11
SolubleCaliby,Q8TY15,0.45454545454545453,0.48,11
SolubleCaliby,Q8TY15,0.45454545454545453,0.5085714285714286,11
SolubleCaliby,Q8TY15,0.5454545454545454,0.5028571428571429,11
SolubleMPNN,Q8TY15,0.45454545454545453,0.5314285714285715,11
SolubleMPNN,Q8TY15,0.6363636363636364,0.5514285714285714,11
SolubleMPNN,Q8TY15,0.5454545454545454,0.5342857142857143,11
SolubleMPNN,Q8TY15,0.6363636363636364,0.5142857142857142,11
SolubleMPNN,Q8TY15,0.6363636363636364,0.5314285714285715,11
SolubleMPNN,Q8TY15,0.5454545454545454,0.5114285714285715,11
SolubleMPNN,Q8TY15,0.7272727272727273,0.5428571428571428,11
SolubleMPNN,Q8TY15,0.5454545454545454,0.5342857142857143,11
Caliby,Q980U8,0.14285714285714285,0.4590643274853801,7
Caliby,Q980U8,0.14285714285714285,0.4502923976608187,7
Caliby,Q980U8,0.14285714285714285,0.4649122807017544,7
Caliby,Q980U8,0.14285714285714285,0.4590643274853801,7
Caliby,Q980U8,0.14285714285714285,0.47368421052631576,7
Caliby,Q980U8,0.14285714285714285,0.47953216374269003,7
Caliby,Q980U8,0.14285714285714285,0.4444444444444444,7
Caliby,Q980U8,0.14285714285714285,0.43567251461988304,7
ESM-IF,Q980U8,1.0,0.6871345029239766,7
ESM-IF,Q980U8,1.0,0.6871345029239766,7
ESM-IF,Q980U8,1.0,0.6929824561403509,7
ESM-IF,Q980U8,1.0,0.6900584795321637,7
ESM-IF,Q980U8,1.0,0.7046783625730995,7
ESM-IF,Q980U8,1.0,0.7076023391812866,7
ESM-IF,Q980U8,1.0,0.7134502923976608,7
ESM-IF,Q980U8,1.0,0.6988304093567251,7
MIF,Q980U8,0.0,0.5233918128654971,7
MIF,Q980U8,0.14285714285714285,0.5380116959064327,7
MIF,Q980U8,0.0,0.5233918128654971,7
MIF,Q980U8,0.14285714285714285,0.5175438596491229,7
MIF,Q980U8,0.14285714285714285,0.5,7
MIF,Q980U8,0.14285714285714285,0.5233918128654971,7
MIF,Q980U8,0.14285714285714285,0.543859649122807,7
MIF,Q980U8,0.2857142857142857,0.5233918128654971,7
MIF-ST,Q980U8,0.42857142857142855,0.36257309941520466,7
MIF-ST,Q980U8,0.5714285714285714,0.37719298245614036,7
MIF-ST,Q980U8,0.2857142857142857,0.3508771929824561,7
MIF-ST,Q980U8,0.2857142857142857,0.3216374269005848,7
MIF-ST,Q980U8,0.14285714285714285,0.3713450292397661,7
MIF-ST,Q980U8,0.14285714285714285,0.38596491228070173,7
MIF-ST,Q980U8,0.2857142857142857,0.34502923976608185,7
MIF-ST,Q980U8,0.14285714285714285,0.391812865497076,7
ProteinMPNN,Q980U8,0.2857142857142857,0.5584795321637427,7
ProteinMPNN,Q980U8,0.5714285714285714,0.543859649122807,7
ProteinMPNN,Q980U8,0.5714285714285714,0.543859649122807,7
ProteinMPNN,Q980U8,0.2857142857142857,0.5350877192982456,7
ProteinMPNN,Q980U8,0.7142857142857143,0.5146198830409356,7
ProteinMPNN,Q980U8,0.42857142857142855,0.5175438596491229,7
ProteinMPNN,Q980U8,0.5714285714285714,0.564327485380117,7
ProteinMPNN,Q980U8,0.5714285714285714,0.5409356725146199,7
SolubleCaliby,Q980U8,0.14285714285714285,0.4619883040935672,7
SolubleCaliby,Q980U8,0.14285714285714285,0.4619883040935672,7
SolubleCaliby,Q980U8,0.14285714285714285,0.48830409356725146,7
SolubleCaliby,Q980U8,0.14285714285714285,0.4824561403508772,7
SolubleCaliby,Q980U8,0.14285714285714285,0.45321637426900585,7
SolubleCaliby,Q980U8,0.14285714285714285,0.5,7
SolubleCaliby,Q980U8,0.14285714285714285,0.4502923976608187,7
SolubleCaliby,Q980U8,0.14285714285714285,0.48830409356725146,7
SolubleMPNN,Q980U8,0.14285714285714285,0.5233918128654971,7
SolubleMPNN,Q980U8,0.14285714285714285,0.564327485380117,7
SolubleMPNN,Q980U8,0.14285714285714285,0.5526315789473685,7
SolubleMPNN,Q980U8,0.14285714285714285,0.5409356725146199,7
SolubleMPNN,Q980U8,0.14285714285714285,0.5087719298245614,7
SolubleMPNN,Q980U8,0.14285714285714285,0.52046783625731,7
SolubleMPNN,Q980U8,0.14285714285714285,0.5526315789473685,7
SolubleMPNN,Q980U8,0.14285714285714285,0.5175438596491229,7
Caliby,Q9N2D5,0.35714285714285715,0.44200626959247646,14
Caliby,Q9N2D5,0.42857142857142855,0.45454545454545453,14
Caliby,Q9N2D5,0.35714285714285715,0.4169278996865204,14
Caliby,Q9N2D5,0.35714285714285715,0.45141065830721006,14
Caliby,Q9N2D5,0.5,0.43573667711598746,14
Caliby,Q9N2D5,0.35714285714285715,0.438871473354232,14
Caliby,Q9N2D5,0.35714285714285715,0.42946708463949845,14
Caliby,Q9N2D5,0.35714285714285715,0.438871473354232,14
ESM-IF,Q9N2D5,0.42857142857142855,0.658307210031348,14
ESM-IF,Q9N2D5,0.42857142857142855,0.6489028213166145,14
ESM-IF,Q9N2D5,0.42857142857142855,0.6739811912225705,14
ESM-IF,Q9N2D5,0.42857142857142855,0.6551724137931034,14
ESM-IF,Q9N2D5,0.42857142857142855,0.677115987460815,14
ESM-IF,Q9N2D5,0.42857142857142855,0.664576802507837,14
ESM-IF,Q9N2D5,0.42857142857142855,0.664576802507837,14
ESM-IF,Q9N2D5,0.42857142857142855,0.677115987460815,14
MIF,Q9N2D5,0.5,0.5109717868338558,14
MIF,Q9N2D5,0.5714285714285714,0.4827586206896552,14
MIF,Q9N2D5,0.42857142857142855,0.4952978056426332,14
MIF,Q9N2D5,0.35714285714285715,0.49843260188087773,14
MIF,Q9N2D5,0.6428571428571429,0.5391849529780565,14
MIF,Q9N2D5,0.5714285714285714,0.5329153605015674,14
MIF,Q9N2D5,0.5,0.5015673981191222,14
MIF,Q9N2D5,0.5,0.5109717868338558,14
MIF-ST,Q9N2D5,0.2857142857142857,0.3887147335423197,14
MIF-ST,Q9N2D5,0.21428571428571427,0.3605015673981191,14
MIF-ST,Q9N2D5,0.0,0.3824451410658307,14
MIF-ST,Q9N2D5,0.07142857142857142,0.4012539184952978,14
MIF-ST,Q9N2D5,0.14285714285714285,0.3761755485893417,14
MIF-ST,Q9N2D5,0.21428571428571427,0.31974921630094044,14
MIF-ST,Q9N2D5,0.14285714285714285,0.3542319749216301,14
MIF-ST,Q9N2D5,0.2857142857142857,0.34796238244514105,14
ProteinMPNN,Q9N2D5,0.2857142857142857,0.45768025078369906,14
ProteinMPNN,Q9N2D5,0.2857142857142857,0.47335423197492166,14
ProteinMPNN,Q9N2D5,0.2857142857142857,0.4890282131661442,14
ProteinMPNN,Q9N2D5,0.2857142857142857,0.45454545454545453,14
ProteinMPNN,Q9N2D5,0.35714285714285715,0.49216300940438873,14
ProteinMPNN,Q9N2D5,0.2857142857142857,0.5047021943573667,14
ProteinMPNN,Q9N2D5,0.2857142857142857,0.4827586206896552,14
ProteinMPNN,Q9N2D5,0.35714285714285715,0.4827586206896552,14
SolubleCaliby,Q9N2D5,0.5714285714285714,0.438871473354232,14
SolubleCaliby,Q9N2D5,0.5714285714285714,0.4200626959247649,14
SolubleCaliby,Q9N2D5,0.42857142857142855,0.4231974921630094,14
SolubleCaliby,Q9N2D5,0.42857142857142855,0.42946708463949845,14
SolubleCaliby,Q9N2D5,0.35714285714285715,0.4106583072100313,14
SolubleCaliby,Q9N2D5,0.35714285714285715,0.4263322884012539,14
SolubleCaliby,Q9N2D5,0.42857142857142855,0.4263322884012539,14
SolubleCaliby,Q9N2D5,0.5714285714285714,0.4263322884012539,14
SolubleMPNN,Q9N2D5,0.2857142857142857,0.48589341692789967,14
SolubleMPNN,Q9N2D5,0.2857142857142857,0.47335423197492166,14
SolubleMPNN,Q9N2D5,0.42857142857142855,0.4608150470219436,14
SolubleMPNN,Q9N2D5,0.35714285714285715,0.4827586206896552,14
SolubleMPNN,Q9N2D5,0.42857142857142855,0.4482758620689655,14
SolubleMPNN,Q9N2D5,0.2857142857142857,0.49216300940438873,14
SolubleMPNN,Q9N2D5,0.35714285714285715,0.4827586206896552,14
SolubleMPNN,Q9N2D5,0.21428571428571427,0.47962382445141066,14
AlkSecMPNN,Q980U8,0.2857142857142857,0.5964912280701754,7
AlkSecMPNN,Q980U8,0.2857142857142857,0.5847953216374269,7
AlkSecMPNN,Q980U8,0.14285714285714285,0.5526315789473685,7
AlkSecMPNN,Q980U8,0.2857142857142857,0.5906432748538012,7
AlkSecMPNN,Q980U8,0.14285714285714285,0.5730994152046783,7
AlkSecMPNN,Q980U8,0.42857142857142855,0.5877192982456141,7
AlkSecMPNN,Q980U8,0.2857142857142857,0.6169590643274854,7
AlkSecMPNN,Q980U8,0.2857142857142857,0.5877192982456141,7
AlkSecMPNN,O58832,0.0,0.6194690265486725,3
AlkSecMPNN,O58832,0.0,0.6224188790560472,3
AlkSecMPNN,O58832,0.0,0.6224188790560472,3
AlkSecMPNN,O58832,0.0,0.6135693215339233,3
AlkSecMPNN,O58832,0.0,0.6047197640117994,3
AlkSecMPNN,O58832,0.0,0.640117994100295,3
AlkSecMPNN,O58832,0.0,0.6194690265486725,3
AlkSecMPNN,O58832,0.0,0.6312684365781711,3
AlkSecMPNN,P02819,0.0,0.5333333333333333,4
AlkSecMPNN,P02819,0.25,0.5777777777777777,4
AlkSecMPNN,P02819,0.25,0.5111111111111111,4
AlkSecMPNN,P02819,0.25,0.5111111111111111,4
AlkSecMPNN,P02819,0.5,0.5555555555555556,4
AlkSecMPNN,P02819,0.25,0.5333333333333333,4
AlkSecMPNN,P02819,0.5,0.5111111111111111,4
AlkSecMPNN,P02819,0.25,0.5555555555555556,4
AlkSecMPNN,Q4R312,1.0,0.4358974358974359,4
AlkSecMPNN,Q4R312,1.0,0.46153846153846156,4
AlkSecMPNN,Q4R312,1.0,0.4230769230769231,4
AlkSecMPNN,Q4R312,1.0,0.4230769230769231,4
AlkSecMPNN,Q4R312,1.0,0.4358974358974359,4
AlkSecMPNN,Q4R312,1.0,0.4230769230769231,4
AlkSecMPNN,Q4R312,1.0,0.4358974358974359,4
AlkSecMPNN,Q4R312,1.0,0.4230769230769231,4
AlkSecMPNN,Q54FJ9,0.5833333333333334,0.524822695035461,24
AlkSecMPNN,Q54FJ9,0.625,0.5212765957446809,24
AlkSecMPNN,Q54FJ9,0.5416666666666666,0.4929078014184397,24
AlkSecMPNN,Q54FJ9,0.5416666666666666,0.5283687943262412,24
AlkSecMPNN,Q54FJ9,0.5833333333333334,0.5283687943262412,24
AlkSecMPNN,Q54FJ9,0.5833333333333334,0.5070921985815603,24
AlkSecMPNN,Q54FJ9,0.5833333333333334,0.5070921985815603,24
AlkSecMPNN,Q54FJ9,0.5833333333333334,0.5035460992907801,24
AlkSecMPNN,Q54JL0,0.3448275862068966,0.4917218543046358,29
AlkSecMPNN,Q54JL0,0.41379310344827586,0.4900662251655629,29
AlkSecMPNN,Q54JL0,0.41379310344827586,0.49503311258278143,29
AlkSecMPNN,Q54JL0,0.41379310344827586,0.5033112582781457,29
AlkSecMPNN,Q54JL0,0.3448275862068966,0.5082781456953642,29
AlkSecMPNN,Q54JL0,0.3793103448275862,0.4867549668874172,29
AlkSecMPNN,Q54JL0,0.41379310344827586,0.49834437086092714,29
AlkSecMPNN,Q54JL0,0.3793103448275862,0.4900662251655629,29
AlkSecMPNN,Q07938,0.25,0.49846153846153846,12
AlkSecMPNN,Q07938,0.16666666666666666,0.49846153846153846,12
AlkSecMPNN,Q07938,0.08333333333333333,0.5261538461538462,12
AlkSecMPNN,Q07938,0.0,0.5107692307692308,12
AlkSecMPNN,Q07938,0.25,0.5261538461538462,12
AlkSecMPNN,Q07938,0.16666666666666666,0.52,12
AlkSecMPNN,Q07938,0.0,0.5261538461538462,12
AlkSecMPNN,Q07938,0.08333333333333333,0.5323076923076923,12
AlkSecMPNN,Q6L047,0.4117647058823529,0.5730994152046783,17
AlkSecMPNN,Q6L047,0.23529411764705882,0.5701754385964912,17
AlkSecMPNN,Q6L047,0.35294117647058826,0.5701754385964912,17
AlkSecMPNN,Q6L047,0.4117647058823529,0.5701754385964912,17
AlkSecMPNN,Q6L047,0.29411764705882354,0.5584795321637427,17
AlkSecMPNN,Q6L047,0.4117647058823529,0.5789473684210527,17
AlkSecMPNN,Q6L047,0.35294117647058826,0.5730994152046783,17
AlkSecMPNN,Q6L047,0.29411764705882354,0.5672514619883041,17
AlkSecMPNN,A9A498,0.6666666666666666,0.5575539568345323,9
AlkSecMPNN,A9A498,0.6666666666666666,0.5719424460431655,9
AlkSecMPNN,A9A498,0.7777777777777778,0.5827338129496403,9
AlkSecMPNN,A9A498,0.6666666666666666,0.5755395683453237,9
AlkSecMPNN,A9A498,0.6666666666666666,0.564748201438849,9
AlkSecMPNN,A9A498,0.7777777777777778,0.5755395683453237,9
AlkSecMPNN,A9A498,0.6666666666666666,0.5935251798561151,9
AlkSecMPNN,A9A498,0.6666666666666666,0.5683453237410072,9
AlkSecMPNN,O28542,0.5,0.5787878787878787,10
AlkSecMPNN,O28542,0.4,0.5757575757575758,10
AlkSecMPNN,O28542,0.5,0.5818181818181818,10
AlkSecMPNN,O28542,0.4,0.5757575757575758,10
AlkSecMPNN,O28542,0.4,0.5666666666666667,10
AlkSecMPNN,O28542,0.3,0.5666666666666667,10
AlkSecMPNN,O28542,0.5,0.5696969696969697,10
AlkSecMPNN,O28542,0.5,0.593939393939394,10
AlkSecMPNN,Q8TY15,0.6363636363636364,0.6171428571428571,11
AlkSecMPNN,Q8TY15,0.5454545454545454,0.5942857142857143,11
AlkSecMPNN,Q8TY15,0.6363636363636364,0.5885714285714285,11
AlkSecMPNN,Q8TY15,0.6363636363636364,0.5971428571428572,11
AlkSecMPNN,Q8TY15,0.6363636363636364,0.5942857142857143,11
AlkSecMPNN,Q8TY15,0.5454545454545454,0.6114285714285714,11
AlkSecMPNN,Q8TY15,0.6363636363636364,0.6114285714285714,11
AlkSecMPNN,Q8TY15,0.5454545454545454,0.6085714285714285,11
AlkSecMPNN,P80505,0.5333333333333333,0.5496894409937888,15
AlkSecMPNN,P80505,0.4666666666666667,0.5496894409937888,15
AlkSecMPNN,P80505,0.5333333333333333,0.5714285714285714,15
AlkSecMPNN,P80505,0.5333333333333333,0.5807453416149069,15
AlkSecMPNN,P80505,0.4666666666666667,0.5900621118012422,15
AlkSecMPNN,P80505,0.4666666666666667,0.5714285714285714,15
AlkSecMPNN,P80505,0.4666666666666667,0.577639751552795,15
AlkSecMPNN,P80505,0.4,0.562111801242236,15
AlkSecMPNN,Q9N2D5,0.42857142857142855,0.5705329153605015,14
AlkSecMPNN,Q9N2D5,0.2857142857142857,0.54858934169279,14
AlkSecMPNN,Q9N2D5,0.42857142857142855,0.567398119122257,14
AlkSecMPNN,Q9N2D5,0.35714285714285715,0.5736677115987461,14
AlkSecMPNN,Q9N2D5,0.42857142857142855,0.567398119122257,14
AlkSecMPNN,Q9N2D5,0.35714285714285715,0.567398119122257,14
AlkSecMPNN,Q9N2D5,0.2857142857142857,0.567398119122257,14
AlkSecMPNN,Q9N2D5,0.42857142857142855,0.567398119122257,14
AlkSecMPNN,Q6DIY2,0.75,0.52,4
AlkSecMPNN,Q6DIY2,0.75,0.4685714285714286,4
AlkSecMPNN,Q6DIY2,0.75,0.5085714285714286,4
AlkSecMPNN,Q6DIY2,0.75,0.52,4
AlkSecMPNN,Q6DIY2,0.75,0.49714285714285716,4
AlkSecMPNN,Q6DIY2,1.0,0.5028571428571429,4
AlkSecMPNN,Q6DIY2,0.75,0.49714285714285716,4
AlkSecMPNN,Q6DIY2,1.0,0.49714285714285716,4
AlkSecMPNN,Q8DLT5,0.4782608695652174,0.5469483568075117,23
AlkSecMPNN,Q8DLT5,0.391304347826087,0.5563380281690141,23
AlkSecMPNN,Q8DLT5,0.391304347826087,0.5563380281690141,23
AlkSecMPNN,Q8DLT5,0.4782608695652174,0.5704225352112676,23
AlkSecMPNN,Q8DLT5,0.43478260869565216,0.5657276995305164,23
AlkSecMPNN,Q8DLT5,0.34782608695652173,0.5586854460093896,23
AlkSecMPNN,Q8DLT5,0.43478260869565216,0.57981220657277,23
AlkSecMPNN,Q8DLT5,0.34782608695652173,0.5657276995305164,23
AcidSecMPNN,Q980U8,0.14285714285714285,0.5380116959064327,7
AcidSecMPNN,Q980U8,0.2857142857142857,0.5555555555555556,7
AcidSecMPNN,Q980U8,0.2857142857142857,0.5409356725146199,7
AcidSecMPNN,Q980U8,0.2857142857142857,0.5321637426900585,7
AcidSecMPNN,Q980U8,0.2857142857142857,0.5555555555555556,7
AcidSecMPNN,Q980U8,0.2857142857142857,0.5614035087719298,7
AcidSecMPNN,Q980U8,0.14285714285714285,0.5994152046783626,7
AcidSecMPNN,Q980U8,0.14285714285714285,0.5263157894736842,7
AcidSecMPNN,O58832,0.0,0.6047197640117994,3
AcidSecMPNN,O58832,0.0,0.584070796460177,3
AcidSecMPNN,O58832,0.0,0.584070796460177,3
AcidSecMPNN,O58832,0.0,0.5929203539823009,3
AcidSecMPNN,O58832,0.0,0.5870206489675516,3
AcidSecMPNN,O58832,0.0,0.5929203539823009,3
AcidSecMPNN,O58832,0.0,0.5693215339233039,3
AcidSecMPNN,O58832,0.0,0.5663716814159292,3
AcidSecMPNN,P02819,0.25,0.5333333333333333,4
AcidSecMPNN,P02819,0.0,0.5777777777777777,4
AcidSecMPNN,P02819,0.0,0.5555555555555556,4
AcidSecMPNN,P02819,0.0,0.5555555555555556,4
AcidSecMPNN,P02819,0.0,0.5555555555555556,4
AcidSecMPNN,P02819,0.0,0.5333333333333333,4
AcidSecMPNN,P02819,0.0,0.5333333333333333,4
AcidSecMPNN,P02819,0.0,0.5111111111111111,4
AcidSecMPNN,Q4R312,1.0,0.38461538461538464,4
AcidSecMPNN,Q4R312,1.0,0.358974358974359,4
AcidSecMPNN,Q4R312,1.0,0.3717948717948718,4
AcidSecMPNN,Q4R312,1.0,0.4230769230769231,4
AcidSecMPNN,Q4R312,1.0,0.3974358974358974,4
AcidSecMPNN,Q4R312,1.0,0.38461538461538464,4
AcidSecMPNN,Q4R312,1.0,0.358974358974359,4
AcidSecMPNN,Q4R312,1.0,0.3717948717948718,4
AcidSecMPNN,Q54FJ9,0.625,0.4929078014184397,24
AcidSecMPNN,Q54FJ9,0.5416666666666666,0.5212765957446809,24
AcidSecMPNN,Q54FJ9,0.5416666666666666,0.49645390070921985,24
AcidSecMPNN,Q54FJ9,0.5833333333333334,0.5319148936170213,24
AcidSecMPNN,Q54FJ9,0.5833333333333334,0.5425531914893617,24
AcidSecMPNN,Q54FJ9,0.5416666666666666,0.49645390070921985,24
AcidSecMPNN,Q54FJ9,0.5833333333333334,0.5035460992907801,24
AcidSecMPNN,Q54FJ9,0.5833333333333334,0.48936170212765956,24
AcidSecMPNN,Q54JL0,0.3793103448275862,0.478476821192053,29
AcidSecMPNN,Q54JL0,0.3793103448275862,0.46357615894039733,29
AcidSecMPNN,Q54JL0,0.4482758620689655,0.4817880794701987,29
AcidSecMPNN,Q54JL0,0.4482758620689655,0.48841059602649006,29
AcidSecMPNN,Q54JL0,0.3103448275862069,0.4685430463576159,29
AcidSecMPNN,Q54JL0,0.41379310344827586,0.4768211920529801,29
AcidSecMPNN,Q54JL0,0.4827586206896552,0.45695364238410596,29
AcidSecMPNN,Q54JL0,0.41379310344827586,0.4718543046357616,29
AcidSecMPNN,Q07938,0.08333333333333333,0.47384615384615386,12
AcidSecMPNN,Q07938,0.16666666666666666,0.4707692307692308,12
AcidSecMPNN,Q07938,0.08333333333333333,0.48307692307692307,12
AcidSecMPNN,Q07938,0.3333333333333333,0.4584615384615385,12
AcidSecMPNN,Q07938,0.08333333333333333,0.48615384615384616,12
AcidSecMPNN,Q07938,0.08333333333333333,0.49538461538461537,12
AcidSecMPNN,Q07938,0.08333333333333333,0.4553846153846154,12
AcidSecMPNN,Q07938,0.0,0.4707692307692308,12
AcidSecMPNN,Q6L047,0.29411764705882354,0.5467836257309941,17
AcidSecMPNN,Q6L047,0.29411764705882354,0.5555555555555556,17
AcidSecMPNN,Q6L047,0.23529411764705882,0.5672514619883041,17
AcidSecMPNN,Q6L047,0.35294117647058826,0.5584795321637427,17
AcidSecMPNN,Q6L047,0.23529411764705882,0.5672514619883041,17
AcidSecMPNN,Q6L047,0.23529411764705882,0.5789473684210527,17
AcidSecMPNN,Q6L047,0.35294117647058826,0.564327485380117,17
AcidSecMPNN,Q6L047,0.23529411764705882,0.5847953216374269,17
AcidSecMPNN,A9A498,0.7777777777777778,0.5863309352517986,9
AcidSecMPNN,A9A498,0.6666666666666666,0.5719424460431655,9
AcidSecMPNN,A9A498,0.7777777777777778,0.5719424460431655,9
AcidSecMPNN,A9A498,0.6666666666666666,0.5863309352517986,9
AcidSecMPNN,A9A498,0.6666666666666666,0.5935251798561151,9
AcidSecMPNN,A9A498,0.7777777777777778,0.579136690647482,9
AcidSecMPNN,A9A498,0.6666666666666666,0.579136690647482,9
AcidSecMPNN,A9A498,0.7777777777777778,0.5827338129496403,9
AcidSecMPNN,O28542,0.5,0.5606060606060606,10
AcidSecMPNN,O28542,0.4,0.5606060606060606,10
AcidSecMPNN,O28542,0.5,0.5818181818181818,10
AcidSecMPNN,O28542,0.4,0.5636363636363636,10
AcidSecMPNN,O28542,0.4,0.5545454545454546,10
AcidSecMPNN,O28542,0.4,0.5606060606060606,10
AcidSecMPNN,O28542,0.4,0.5636363636363636,10
AcidSecMPNN,O28542,0.3,0.5818181818181818,10
AcidSecMPNN,Q8TY15,0.5454545454545454,0.5685714285714286,11
AcidSecMPNN,Q8TY15,0.5454545454545454,0.5657142857142857,11
AcidSecMPNN,Q8TY15,0.6363636363636364,0.5742857142857143,11
AcidSecMPNN,Q8TY15,0.6363636363636364,0.58,11
AcidSecMPNN,Q8TY15,0.6363636363636364,0.5714285714285714,11
AcidSecMPNN,Q8TY15,0.6363636363636364,0.5771428571428572,11
AcidSecMPNN,Q8TY15,0.5454545454545454,0.58,11
AcidSecMPNN,Q8TY15,0.5454545454545454,0.5914285714285714,11
AcidSecMPNN,P80505,0.4666666666666667,0.5745341614906833,15
AcidSecMPNN,P80505,0.4,0.5527950310559007,15
AcidSecMPNN,P80505,0.4666666666666667,0.5652173913043478,15
AcidSecMPNN,P80505,0.5333333333333333,0.5559006211180124,15
AcidSecMPNN,P80505,0.4666666666666667,0.5807453416149069,15
AcidSecMPNN,P80505,0.4,0.5590062111801242,15
AcidSecMPNN,P80505,0.4,0.5590062111801242,15
AcidSecMPNN,P80505,0.3333333333333333,0.6055900621118012,15
AcidSecMPNN,Q9N2D5,0.42857142857142855,0.5862068965517241,14
AcidSecMPNN,Q9N2D5,0.35714285714285715,0.542319749216301,14
AcidSecMPNN,Q9N2D5,0.35714285714285715,0.5987460815047022,14
AcidSecMPNN,Q9N2D5,0.35714285714285715,0.5768025078369906,14
AcidSecMPNN,Q9N2D5,0.42857142857142855,0.5768025078369906,14
AcidSecMPNN,Q9N2D5,0.2857142857142857,0.5768025078369906,14
AcidSecMPNN,Q9N2D5,0.42857142857142855,0.5862068965517241,14
AcidSecMPNN,Q9N2D5,0.35714285714285715,0.5862068965517241,14
AcidSecMPNN,Q6DIY2,0.75,0.4514285714285714,4
AcidSecMPNN,Q6DIY2,0.75,0.44571428571428573,4
AcidSecMPNN,Q6DIY2,0.75,0.52,4
AcidSecMPNN,Q6DIY2,0.75,0.48,4
AcidSecMPNN,Q6DIY2,0.75,0.46285714285714286,4
AcidSecMPNN,Q6DIY2,0.75,0.4514285714285714,4
AcidSecMPNN,Q6DIY2,0.75,0.4514285714285714,4
AcidSecMPNN,Q6DIY2,0.75,0.44571428571428573,4
AcidSecMPNN,Q8DLT5,0.391304347826087,0.5774647887323944,23
AcidSecMPNN,Q8DLT5,0.34782608695652173,0.5845070422535211,23
AcidSecMPNN,Q8DLT5,0.43478260869565216,0.57981220657277,23
AcidSecMPNN,Q8DLT5,0.5217391304347826,0.6009389671361502,23
AcidSecMPNN,Q8DLT5,0.34782608695652173,0.6032863849765259,23
AcidSecMPNN,Q8DLT5,0.34782608695652173,0.5915492957746479,23
AcidSecMPNN,Q8DLT5,0.43478260869565216,0.5915492957746479,23
AcidSecMPNN,Q8DLT5,0.391304347826087,0.5868544600938967,23
